<?xml version="1.0" encoding="utf-8"?>

<instance xmlns="http://www.exelearning.org/content/v0.3" reference="8" version="0.3" xmlns:xsi="http://www.w3.org/2001/XMLSchema-instance" xsi:schemalocation="http://www.exelearning.org/content/v0.3 content.xsd" class="exe.engine.package.Package">
 <dictionary>
  <string role="key" value="_title"></string>
  <unicode value=""></unicode>
  <string role="key" value="idevices"></string>
  <list></list>
  <string role="key" value="_backgroundImg"></string>
  <unicode value=""></unicode>
  <string role="key" value="_contextMode"></string>
  <unicode value=""></unicode>
  <string role="key" value="_contextPlace"></string>
  <unicode value=""></unicode>
  <string role="key" value="_docType"></string>
  <unicode value="HTML5"></unicode>
  <string role="key" value="_intendedEndUserRoleGroup"></string>
  <bool value="0"></bool>
  <string role="key" value="_intendedEndUserRoleTutor"></string>
  <bool value="0"></bool>
  <string role="key" value="_intendedEndUserRoleType"></string>
  <unicode value=""></unicode>
  <string role="key" value="_isChanged"></string>
  <bool value="0"></bool>
  <string role="key" value="_lang"></string>
  <unicode value="es"></unicode>
  <string role="key" value="_learningResourceType"></string>
  <unicode value=""></unicode>
  <string role="key" value="_levelNames"></string>
  <list>
   <unicode value="Topic"></unicode>
   <unicode value="Section"></unicode>
   <unicode value="Unit"></unicode>
  </list>
  <string role="key" value="_name"></string>
  <unicode value="tp"></unicode>
  <string role="key" value="_nextIdeviceId"></string>
  <int value="11"></int>
  <string role="key" value="_nextNodeId"></string>
  <int value="2"></int>
  <string role="key" value="_nodeIdDict"></string>
  <dictionary>
   <unicode role="key" value="0"></unicode>
   <instance class="exe.engine.node.Node" reference="3">
    <dictionary>
     <string role="key" value="_title"></string>
     <unicode value="Trabajo Práctico Integrador - Objetos 2 UNQ 2018 - 1er Semestre"></unicode>
     <string role="key" value="idevices"></string>
     <list>
      <instance class="exe.engine.genericidevice.GenericIdevice" reference="1">
       <dictionary>
        <string role="key" value="_title"></string>
        <unicode value="Objetivos"></unicode>
        <string role="key" value="_author"></string>
        <unicode value="University of Auckland"></unicode>
        <string role="key" value="_purpose"></string>
        <unicode value="Objectives describe the expected outcomes of the learning and should
define what the learners will be able to do when they have completed the
learning tasks."></unicode>
        <string role="key" value="_tip"></string>
        <unicode value=""></unicode>
        <string role="key" value="class_"></string>
        <unicode value="objectives"></unicode>
        <string role="key" value="edit"></string>
        <bool value="0"></bool>
        <string role="key" value="emphasis"></string>
        <int value="1"></int>
        <string role="key" value="exe.engine.genericidevice.GenericIdevice.persistenceVersion"></string>
        <int value="11"></int>
        <string role="key" value="fields"></string>
        <list>
         <instance class="exe.engine.field.TextAreaField" reference="2">
          <dictionary>
           <string role="key" value="_id"></string>
           <unicode value="41_2"></unicode>
           <string role="key" value="_idevice"></string>
           <reference key="1"></reference>
           <string role="key" value="_instruc"></string>
           <unicode value="Type the learning objectives for this resource."></unicode>
           <string role="key" value="_name"></string>
           <unicode value="Objectives"></unicode>
           <string role="key" value="anchor_names"></string>
           <list></list>
           <string role="key" value="anchors_linked_from_fields"></string>
           <dictionary></dictionary>
           <string role="key" value="content_w_resourcePaths"></string>
           <unicode content="true" value="&lt;p&gt;&lt;span&gt;Integrar en la práctica los conocimientos del Diseño y Programación OO estudiados a lo largo de &lt;/span&gt;&lt;span&gt;todo el año.&lt;/span&gt;&lt;/p&gt;"></unicode>
           <string role="key" value="exe.engine.field.Field.persistenceVersion"></string>
           <int value="4"></int>
           <string role="key" value="exe.engine.field.FieldWithResources.persistenceVersion"></string>
           <int value="2"></int>
           <string role="key" value="exe.engine.field.TextAreaField.persistenceVersion"></string>
           <int value="3"></int>
           <string role="key" value="htmlTag"></string>
           <string value="div"></string>
           <string role="key" value="images"></string>
           <instance class="exe.engine.galleryidevice.GalleryImages">
            <dictionary>
             <string role="key" value=".listitems"></string>
             <list></list>
             <string role="key" value="idevice"></string>
             <reference key="2"></reference>
            </dictionary>
           </instance>
           <string role="key" value="intlinks_to_anchors"></string>
           <dictionary></dictionary>
           <string role="key" value="nextImageId"></string>
           <int value="0"></int>
           <string role="key" value="parentNode"></string>
           <reference key="3"></reference>
          </dictionary>
         </instance>
        </list>
        <string role="key" value="icon"></string>
        <unicode value="objectives"></unicode>
        <string role="key" value="id"></string>
        <unicode value="4"></unicode>
        <string role="key" value="lastIdevice"></string>
        <bool value="0"></bool>
        <string role="key" value="nextFieldId"></string>
        <int value="3"></int>
        <string role="key" value="originalicon"></string>
        <unicode value="objectives"></unicode>
        <string role="key" value="parentNode"></string>
        <reference key="3"></reference>
        <string role="key" value="systemResources"></string>
        <list>
         <string value="common.js"></string>
        </list>
        <string role="key" value="undo"></string>
        <bool value="1"></bool>
        <string role="key" value="userResources"></string>
        <list></list>
        <string role="key" value="version"></string>
        <int value="0"></int>
       </dictionary>
      </instance>
      <instance class="exe.engine.genericidevice.GenericIdevice" reference="4">
       <dictionary>
        <string role="key" value="_title"></string>
        <unicode value="Casa de Apuestas Deportivas Online"></unicode>
        <string role="key" value="_author"></string>
        <unicode value="University of Auckland"></unicode>
        <string role="key" value="_purpose"></string>
        <unicode value="Objectives describe the expected outcomes of the learning and should
define what the learners will be able to do when they have completed the
learning tasks."></unicode>
        <string role="key" value="_tip"></string>
        <unicode value=""></unicode>
        <string role="key" value="class_"></string>
        <unicode value="objectives"></unicode>
        <string role="key" value="edit"></string>
        <bool value="0"></bool>
        <string role="key" value="emphasis"></string>
        <int value="1"></int>
        <string role="key" value="exe.engine.genericidevice.GenericIdevice.persistenceVersion"></string>
        <int value="11"></int>
        <string role="key" value="fields"></string>
        <list>
         <instance class="exe.engine.field.TextAreaField" reference="5">
          <dictionary>
           <string role="key" value="_id"></string>
           <unicode value="42_2"></unicode>
           <string role="key" value="_idevice"></string>
           <reference key="4"></reference>
           <string role="key" value="_instruc"></string>
           <unicode value="Type the learning objectives for this resource."></unicode>
           <string role="key" value="_name"></string>
           <unicode value="Objectives"></unicode>
           <string role="key" value="anchor_names"></string>
           <list></list>
           <string role="key" value="anchors_linked_from_fields"></string>
           <dictionary></dictionary>
           <string role="key" value="content_w_resourcePaths"></string>
           <unicode content="true" value="&lt;h1&gt;&lt;strong&gt;Introducción&lt;/strong&gt;&lt;/h1&gt;
&lt;p&gt;&lt;span style=&quot;font-weight: 400;&quot;&gt;Un casa de apuestas deportivas online permite a usuarios realizar distintos tipos de apuestas relacionadas a eventos deportivos. La casa de apuestas trabaja con los siguientes deportes: fútbol, tenis, basquetball, voley y boxeo.&lt;/span&gt;&lt;/p&gt;
&lt;h1&gt;Partido/Juego&lt;/h1&gt;
&lt;p&gt;Un partido o juego es una competencia deportiva en el que se enfrentan dos oponentes y tiene un resultado final. El deporte en cuestión determina qué tipos de oponentes se enfrentan y cuáles son los posibles resultados. Los deportes en conjunto enfrentan a equipos (compuesto por deportistas), mientras que los deportes individuales enfrentan a deportistas individuales. Asimismo, mientras en todos los deportes puede existir un ganador y un perdedor, sólo algunos deportes pueden arrojar un empate como resultado. Por ejemplo, el tenis es un deporte individual en el que un juego siempre finaliza con un deportista ganador y otro perdedor. Mientras que el fútbol es un deporte en equipo que admite el empate como resultado final.&lt;/p&gt;
&lt;p&gt;&lt;span style=&quot;font-weight: 400;&quot;&gt;De un partido se conoce:&lt;/span&gt;&lt;/p&gt;
&lt;ul&gt;
&lt;li&gt;Deporte&lt;/li&gt;
&lt;li&gt;Oponentes&lt;/li&gt;
&lt;li&gt;Fecha y hora de comienzo&lt;/li&gt;
&lt;li&gt;Lugar donde se desarrolla la competición&lt;/li&gt;
&lt;li&gt;Resultado parcial o final (siempre que la competición haya comenzado)&lt;/li&gt;
&lt;/ul&gt;
&lt;p&gt;De los deportistas se conoce el nombre, apellido, fecha y lugar de nacimiento. Mientras que un equipo, compuesto por deportistas, se caracteriza por un nombre.&lt;/p&gt;
&lt;h1&gt;Cuotas de apuestas&lt;/h1&gt;
&lt;p&gt;Al momento de crear un evento deportivo, se debe calcular la cuota o, dicho de otro modo, cuánto “pagará” cada posible resultado. La cuota de un posible resultado es un reflejo de la probabilidad de que se dé tal resultado.&lt;/p&gt;
&lt;p&gt;&lt;br /&gt;En el caso de un pronóstico acertado, la cuota servirá para determinar la ganancia obtenida a partir de dicho acierto. Por ejemplo, si la cuota de un posible resultado es de 2.00, significa que la casa de apuestas pagará 2.00 pesos por cada peso apostado en caso de acierto. Entonces, si se apuestan 10 pesos de forma acertada, la ganancia bruta del apostador ascenderá a 20 y la neta, a 10.&lt;/p&gt;
&lt;p&gt;&lt;br /&gt;La gran cantidad de eventos que se disputan diariamente dificultan la estimación “manual” de la probabilidad de cada resultado posible. Por eso, las casas de apuestas utilizan distintos algoritmos para decidir las mismas. A continuación se detallan los mismos:&lt;/p&gt;
&lt;ul&gt;
&lt;li&gt;Competencia histórica directa: se decide utilizando el historial de enfrentamientos directos entre los oponentes. Por ejemplo, si el historial entre dos equipos de fútbol consta de 20 partidos, de los cuales el equipo A ha ganado 14, el B 4 y el resto fueron empates, entonces la probabilidad de que el equipo A resulte victorioso es 0.7, que lo sea el equipo B es 0.2 y el empate 0.1.&lt;/li&gt;
&lt;li&gt;Historia reciente: se toman los 10 partidos más recientes de cada oponente y se toma la proporción de resultados para determinar la probabilidad. Por ejemplo si un equipo ha ganado 3 de sus últimos 10 partidos, la probabilidad de ganar el próximo será de 0.3. La probabildad de un empate, en este caso, se calcula como el promedio entre la probabilidad de empate de cada oponente.&lt;/li&gt;
&lt;/ul&gt;
&lt;p&gt;Una vez calculada la probabilidad de cada posible resultado, se decide la cuota con la siguiente cuenta: Cuota de victoria oponente X = 1 + (1 - probabilidad de victoria del oponente X). Por ejemplo, si la probabilidad de que triunfe el equipo A es 0.7, la cuota del equipo A será 1,3.&lt;/p&gt;
&lt;p&gt;Usted debe considerar que en cualquier momento la casa de apuestas puede cambiar el algoritmo utilizado y que, además, deben poder agregarse nuevos algoritmos en cualquier momento.&lt;/p&gt;
&lt;h1&gt;Apuesta&lt;/h1&gt;
&lt;p&gt;Un usuario que ingresa al sitio puede realizar sus apuestas. Luego de buscar el partido en el cual quiere apostar, selecciona su apuesta y decide el monto que apostará en el mismo. &lt;span style=&quot;font-weight: 400;&quot;&gt;De una apuesta se debe poder conocer la ganacia bruta y la ganancia neta (explicadas con anterioridad). Sin embargo, no es posible determinar la ganancia de una apuesta cuyo partido aún no ha finalizado. &lt;/span&gt;&lt;/p&gt;
&lt;p&gt;&lt;br /&gt;Existen dos tipos de apuestas: apuesta &lt;em&gt;final&lt;/em&gt; y apuesta &lt;em&gt;segura&lt;/em&gt;.&lt;/p&gt;
&lt;h3&gt;Apuesta final&lt;/h3&gt;
&lt;p&gt;&lt;span style=&quot;font-weight: 400;&quot;&gt;La apuesta &lt;/span&gt;&lt;i&gt;&lt;span style=&quot;font-weight: 400;&quot;&gt;final&lt;/span&gt;&lt;/i&gt;&lt;span style=&quot;font-weight: 400;&quot;&gt; es una puesta que no puede cancelarse en ningún momento.&lt;/span&gt;&lt;/p&gt;
&lt;p&gt;&lt;span style=&quot;font-weight: 400;&quot;&gt;&lt;/span&gt;&lt;span style=&quot;font-weight: 400;&quot;&gt;&lt;/span&gt;&lt;/p&gt;
&lt;h3&gt;&lt;strong&gt;Apuesta segura&lt;/strong&gt;&lt;/h3&gt;
&lt;p&gt;La apuesta segura permite al usuario cancelar la misma. La contrapartida de este tipo de apuesta es que, en caso de acierto, al usuario se le descontará el 15% de la ganancia obtenida para dicha apuesta.&lt;/p&gt;
&lt;p&gt;En cuanto a la cancelación, existen algunas condiciones que dependen del momento en que se quiere realizar la misma:&lt;/p&gt;
&lt;ul&gt;
&lt;li&gt;Si el partido aún no ha comenzado, entonces la apuesta se puede cancelar y se le cobra al usuario una penalidad fija de $200. Si el usuario se arrepiente de haber cancelado la apuesta, y el partido aún ha comenzado, puede reactivarla. &lt;/li&gt;
&lt;li&gt;Si el partido está en juego, entonces la apuesta se puede cancelar y se le cobra al usuario una penalidad del 30% del total que haya apostado. Con el partido en juego la apuesta no puede ser reactivada. &lt;/li&gt;
&lt;li&gt;Si el partido ha finalizado, no es posible cancelar la apuesta.&lt;/li&gt;
&lt;/ul&gt;
&lt;h1&gt;Envío mensual de balance&lt;/h1&gt;
&lt;p&gt;El último día de cada mes el sitio de apuestas online le debe enviar a cada usuario el balance (ganancia) del mes. El envío del balance se realiza vía mensaje de texto. Para ello, asuma que existe la siguiente definición:&lt;/p&gt;
&lt;div class=&quot;pre-code&quot;&gt;
&lt;div&gt;
&lt;pre&gt;&lt;code&gt;public interface BalanceNotifier{
   void notifyBalance(User user, Integer month, BigDecimal monthlyBalance);
}

public class TextMessageBalanceNotifier implements BalanceNotifier{
   @Override
   void notifyBalance(User user, Integer month, BigDecimal monthlyBalance)
   {
      ...
   }
}&lt;/code&gt;&lt;/pre&gt;
&lt;/div&gt;
&lt;/div&gt;
&lt;p&gt;Nota: usted no debe implementar la clase TextMessageBalanceNotifier. Simplemente asuma que exista.&lt;/p&gt;
&lt;p&gt;&lt;/p&gt;
&lt;h1&gt;Esto no es todo&lt;/h1&gt;
&lt;p&gt;El sitio cuenta con más funcionalidades que se basan en lo que se describe en este documento. Estas funcionalidades restantes serán detalladas próximamente. Mientras tanto, la información de este documento es válida para comenzar a realizar los diseños preliminares del modelo del sitio.&lt;/p&gt;"></unicode>
           <string role="key" value="exe.engine.field.Field.persistenceVersion"></string>
           <int value="4"></int>
           <string role="key" value="exe.engine.field.FieldWithResources.persistenceVersion"></string>
           <int value="2"></int>
           <string role="key" value="exe.engine.field.TextAreaField.persistenceVersion"></string>
           <int value="3"></int>
           <string role="key" value="htmlTag"></string>
           <string value="div"></string>
           <string role="key" value="images"></string>
           <instance class="exe.engine.galleryidevice.GalleryImages">
            <dictionary>
             <string role="key" value=".listitems"></string>
             <list></list>
             <string role="key" value="idevice"></string>
             <reference key="5"></reference>
            </dictionary>
           </instance>
           <string role="key" value="intlinks_to_anchors"></string>
           <dictionary></dictionary>
           <string role="key" value="nextImageId"></string>
           <int value="0"></int>
           <string role="key" value="parentNode"></string>
           <reference key="3"></reference>
          </dictionary>
         </instance>
        </list>
        <string role="key" value="icon"></string>
        <unicode value="objectives"></unicode>
        <string role="key" value="id"></string>
        <unicode value="5"></unicode>
        <string role="key" value="lastIdevice"></string>
        <bool value="0"></bool>
        <string role="key" value="nextFieldId"></string>
        <int value="3"></int>
        <string role="key" value="originalicon"></string>
        <unicode value="objectives"></unicode>
        <string role="key" value="parentNode"></string>
        <reference key="3"></reference>
        <string role="key" value="systemResources"></string>
        <list>
         <string value="common.js"></string>
        </list>
        <string role="key" value="undo"></string>
        <bool value="1"></bool>
        <string role="key" value="userResources"></string>
        <list></list>
        <string role="key" value="version"></string>
        <int value="0"></int>
       </dictionary>
      </instance>
      <instance class="exe.engine.genericidevice.GenericIdevice" reference="6">
       <dictionary>
        <string role="key" value="_title"></string>
        <unicode value="Cronograma y Pautas de Entrega"></unicode>
        <string role="key" value="_author"></string>
        <unicode value="University of Auckland"></unicode>
        <string role="key" value="_purpose"></string>
        <unicode value="Objectives describe the expected outcomes of the learning and should
define what the learners will be able to do when they have completed the
learning tasks."></unicode>
        <string role="key" value="_tip"></string>
        <unicode value=""></unicode>
        <string role="key" value="class_"></string>
        <unicode value="objectives"></unicode>
        <string role="key" value="edit"></string>
        <bool value="0"></bool>
        <string role="key" value="emphasis"></string>
        <int value="1"></int>
        <string role="key" value="exe.engine.genericidevice.GenericIdevice.persistenceVersion"></string>
        <int value="11"></int>
        <string role="key" value="fields"></string>
        <list>
         <instance class="exe.engine.field.TextAreaField" reference="7">
          <dictionary>
           <string role="key" value="_id"></string>
           <unicode value="47_2"></unicode>
           <string role="key" value="_idevice"></string>
           <reference key="6"></reference>
           <string role="key" value="_instruc"></string>
           <unicode value="Type the learning objectives for this resource."></unicode>
           <string role="key" value="_name"></string>
           <unicode value="Objectives"></unicode>
           <string role="key" value="anchor_names"></string>
           <list></list>
           <string role="key" value="anchors_linked_from_fields"></string>
           <dictionary></dictionary>
           <string role="key" value="content_w_resourcePaths"></string>
           <unicode content="true" value="&lt;p style=&quot;font-weight: 400;&quot;&gt;&lt;strong&gt;&lt;span&gt;&lt;span style=&quot;text-decoration: underline;&quot;&gt;Estructura:&lt;/span&gt;&lt;br /&gt;&lt;br /&gt;&lt;/span&gt;&lt;/strong&gt;&lt;/p&gt;
&lt;p style=&quot;font-weight: 400;&quot;&gt;&lt;span style=&quot;font-weight: 400;&quot;&gt;&lt;span&gt;Este trabajo integrador está planificado para ser realizado en dos etapas:&lt;/span&gt;&lt;/span&gt;&lt;/p&gt;
&lt;ul style=&quot;font-weight: 400;&quot;&gt;
&lt;li&gt;&lt;span style=&quot;font-weight: 400;&quot;&gt;&lt;span&gt;Hito 1: Se centra en la primera entrega del enunciado y se debe trabajar sobre el Modelo de Clases y codificación en Java.&lt;/span&gt;&lt;/span&gt;&lt;/li&gt;
&lt;li&gt;&lt;span style=&quot;font-weight: 400;&quot;&gt;&lt;span&gt;Hito 2: Se centra en una una extensión del enunciado original, y se debe trabajar sobre la extensión del Modelo de Clases y su codificación completa en Java.&lt;/span&gt;&lt;/span&gt;&lt;/li&gt;
&lt;/ul&gt;
&lt;p style=&quot;font-weight: 400;&quot;&gt;&lt;strong&gt;&lt;span&gt;&lt;span style=&quot;text-decoration: underline;&quot;&gt;Cronograma:&lt;/span&gt;&lt;br /&gt;&lt;br /&gt;&lt;/span&gt;&lt;/strong&gt;&lt;/p&gt;
&lt;p style=&quot;font-weight: 400;&quot;&gt;&lt;span style=&quot;font-weight: 400;&quot;&gt;&lt;span&gt;Se establecen tres instancias de visado, en las cuales deberán estar presentes todos los miembros del grupo para defender el trabajo:&lt;/span&gt;&lt;/span&gt;&lt;/p&gt;
&lt;ul style=&quot;font-weight: 400;&quot;&gt;
&lt;li&gt;&lt;span style=&quot;font-weight: 400;&quot;&gt;&lt;span&gt;Primer visado de Hito 1: Presencial en la práctica del Viernes 1 de Junio de 2018.&lt;/span&gt;&lt;/span&gt;&lt;/li&gt;
&lt;li&gt;&lt;span style=&quot;font-weight: 400;&quot;&gt;&lt;span&gt;Primer visado de Hito 2: Presencial en la práctica del Viernes 22 de Junio de 2018.&lt;/span&gt;&lt;/span&gt;&lt;/li&gt;
&lt;li&gt;&lt;span style=&quot;font-weight: 400;&quot;&gt;&lt;span&gt;Segundo visado de Hito 2 (visado final): Presencial en la práctica del Viernes 6 de Julio de 2018.&lt;/span&gt;&lt;/span&gt;&lt;/li&gt;
&lt;/ul&gt;
&lt;p style=&quot;font-weight: 400;&quot;&gt;&lt;span style=&quot;text-decoration: underline;&quot;&gt;&lt;span style=&quot;font-weight: 400;&quot;&gt;&lt;strong&gt;Entrega del Hito 1&lt;/strong&gt;:&lt;br /&gt;&lt;/span&gt;&lt;/span&gt;&lt;/p&gt;
&lt;ul&gt;
&lt;li&gt;
&lt;div style=&quot;font-weight: 400;&quot;&gt;&lt;span&gt;Modelo de Clases: realizar el modelo de clases para el dominio descripto y confeccionar el Diagrama de Clases en UML correspondiente. &lt;/span&gt;&lt;span style=&quot;line-height: 14.4px;&quot;&gt;&lt;/span&gt;&lt;span style=&quot;font-weight: 400;&quot;&gt;Debe entregar &lt;/span&gt;&lt;b style=&quot;line-height: 14.4px;&quot;&gt;un único archivo&lt;/b&gt;&lt;span style=&quot;font-weight: 400;&quot;&gt; en &lt;/span&gt;&lt;b style=&quot;line-height: 14.4px;&quot;&gt;formato PDF&lt;/b&gt;&lt;span style=&quot;font-weight: 400;&quot;&gt;. No se aceptarán entregas en otros formato.&lt;/span&gt;&lt;span style=&quot;font-weight: 400;&quot;&gt;&lt;br /&gt;&lt;/span&gt;&lt;/div&gt;
&lt;/li&gt;
&lt;li&gt;
&lt;div style=&quot;font-weight: 400;&quot;&gt;&lt;span&gt;Codificación en Java: debe tener codificado en Java al menos la funcionalidad correspondiente a las secciones &lt;em&gt;Partido/Juego&lt;/em&gt; y &lt;em&gt;Cuotas de Apuestas&lt;/em&gt;. Debe incluir &lt;em&gt;tests&lt;/em&gt;, con al menos un 95% de cobertura utilizando la herramienta de eclipse EclEmma.&lt;/span&gt;&lt;span style=&quot;font-weight: 400;&quot;&gt;&lt;/span&gt;&lt;/div&gt;
&lt;/li&gt;
&lt;/ul&gt;"></unicode>
           <string role="key" value="exe.engine.field.Field.persistenceVersion"></string>
           <int value="4"></int>
           <string role="key" value="exe.engine.field.FieldWithResources.persistenceVersion"></string>
           <int value="2"></int>
           <string role="key" value="exe.engine.field.TextAreaField.persistenceVersion"></string>
           <int value="3"></int>
           <string role="key" value="htmlTag"></string>
           <string value="div"></string>
           <string role="key" value="images"></string>
           <instance class="exe.engine.galleryidevice.GalleryImages">
            <dictionary>
             <string role="key" value=".listitems"></string>
             <list></list>
             <string role="key" value="idevice"></string>
             <reference key="7"></reference>
            </dictionary>
           </instance>
           <string role="key" value="intlinks_to_anchors"></string>
           <dictionary></dictionary>
           <string role="key" value="nextImageId"></string>
           <int value="0"></int>
           <string role="key" value="parentNode"></string>
           <reference key="3"></reference>
          </dictionary>
         </instance>
        </list>
        <string role="key" value="icon"></string>
        <unicode value="objectives"></unicode>
        <string role="key" value="id"></string>
        <unicode value="10"></unicode>
        <string role="key" value="lastIdevice"></string>
        <bool value="0"></bool>
        <string role="key" value="nextFieldId"></string>
        <int value="3"></int>
        <string role="key" value="originalicon"></string>
        <unicode value="objectives"></unicode>
        <string role="key" value="parentNode"></string>
        <reference key="3"></reference>
        <string role="key" value="systemResources"></string>
        <list>
         <string value="common.js"></string>
        </list>
        <string role="key" value="undo"></string>
        <bool value="1"></bool>
        <string role="key" value="userResources"></string>
        <list></list>
        <string role="key" value="version"></string>
        <int value="0"></int>
       </dictionary>
      </instance>
     </list>
     <string role="key" value="_id"></string>
     <unicode value="0"></unicode>
     <string role="key" value="_package"></string>
     <reference key="8"></reference>
     <string role="key" value="anchor_fields"></string>
     <list></list>
     <string role="key" value="exe.engine.node.Node.persistenceVersion"></string>
     <int value="2"></int>
     <string role="key" value="exportType"></string>
     <string value="website"></string>
     <string role="key" value="last_full_node_path"></string>
     <string value="exe-node:Trabajo%20Pr%C3%A1ctico%20Integrador%20-%20Objetos%202%20UNQ%202018%20-%201er%20Semestre"></string>
     <string role="key" value="parent"></string>
     <none></none>
     <string role="key" value="top_anchors_linked_from_fields"></string>
     <list></list>
     <string role="key" value="children"></string>
     <list></list>
    </dictionary>
   </instance>
  </dictionary>
  <string role="key" value="_objectives"></string>
  <unicode value=""></unicode>
  <string role="key" value="_preknowledge"></string>
  <unicode value=""></unicode>
  <string role="key" value="backgroundImgTile"></string>
  <bool value="0"></bool>
  <string role="key" value="compatibleWithVersion9"></string>
  <bool value="0"></bool>
  <string role="key" value="currentNode"></string>
  <reference key="3"></reference>
  <string role="key" value="dublinCore"></string>
  <instance class="exe.engine.package.DublinCore">
   <dictionary>
    <string role="key" value="contributors"></string>
    <unicode value=""></unicode>
    <string role="key" value="coverage"></string>
    <unicode value=""></unicode>
    <string role="key" value="creator"></string>
    <unicode value=""></unicode>
    <string role="key" value="date"></string>
    <unicode value=""></unicode>
    <string role="key" value="description"></string>
    <unicode value=""></unicode>
    <string role="key" value="format"></string>
    <unicode value=""></unicode>
    <string role="key" value="identifier"></string>
    <unicode value="61f352d8-154a-4583-9522-351e124ab436"></unicode>
    <string role="key" value="language"></string>
    <unicode value="es"></unicode>
    <string role="key" value="publisher"></string>
    <unicode value=""></unicode>
    <string role="key" value="relation"></string>
    <unicode value=""></unicode>
    <string role="key" value="rights"></string>
    <unicode value=""></unicode>
    <string role="key" value="source"></string>
    <unicode value=""></unicode>
    <string role="key" value="subject"></string>
    <unicode value=""></unicode>
    <string role="key" value="title"></string>
    <unicode value=""></unicode>
    <string role="key" value="type"></string>
    <unicode value=""></unicode>
   </dictionary>
  </instance>
  <string role="key" value="exe.engine.package.Package.persistenceVersion"></string>
  <int value="13"></int>
  <string role="key" value="exportMetadataType"></string>
  <string value="LOMES"></string>
  <string role="key" value="exportSource"></string>
  <bool value="1"></bool>
  <string role="key" value="footer"></string>
  <string value=""></string>
  <string role="key" value="isLoading"></string>
  <bool value="0"></bool>
  <string role="key" value="license"></string>
  <unicode value="creative commons: attribution - share alike 4.0"></unicode>
  <string role="key" value="lom"></string>
  <instance class="exe.engine.lom.lomsubs.lomSub">
   <dictionary>
    <string role="key" value="__index__"></string>
    <dictionary></dictionary>
    <string role="key" value="__oldchild__"></string>
    <none></none>
    <string role="key" value="annotation"></string>
    <list></list>
    <string role="key" value="classification"></string>
    <list></list>
    <string role="key" value="educational"></string>
    <list>
     <instance class="exe.engine.lom.lomsubs.educationalSub">
      <dictionary>
       <string role="key" value="cognitiveProcess"></string>
       <list></list>
       <string role="key" value="context"></string>
       <list></list>
       <string role="key" value="description"></string>
       <list></list>
       <string role="key" value="difficulty"></string>
       <none></none>
       <string role="key" value="intendedEndUserRole"></string>
       <list></list>
       <string role="key" value="interactivityLevel"></string>
       <none></none>
       <string role="key" value="interactivityType"></string>
       <none></none>
       <string role="key" value="language"></string>
       <list>
        <instance class="exe.engine.lom.lomsubs.LanguageIdSub">
         <dictionary>
          <string role="key" value="extensiontype_"></string>
          <none></none>
          <string role="key" value="valueOf_"></string>
          <string value="es"></string>
         </dictionary>
        </instance>
       </list>
       <string role="key" value="learningResourceType"></string>
       <list></list>
       <string role="key" value="semanticDensity"></string>
       <none></none>
       <string role="key" value="typicalAgeRange"></string>
       <list></list>
       <string role="key" value="typicalLearningTime"></string>
       <none></none>
      </dictionary>
     </instance>
    </list>
    <string role="key" value="general"></string>
    <instance class="exe.engine.lom.lomsubs.generalSub">
     <dictionary>
      <string role="key" value="aggregationLevel"></string>
      <instance class="exe.engine.lom.lomsubs.aggregationLevelSub">
       <dictionary>
        <string role="key" value="extensiontype_"></string>
        <none></none>
        <string role="key" value="source"></string>
        <instance class="exe.engine.lom.lomsubs.sourceValueSub">
         <dictionary>
          <string role="key" value="extensiontype_"></string>
          <none></none>
          <string role="key" value="string"></string>
          <list></list>
          <string role="key" value="uniqueElementName"></string>
          <string value="source"></string>
          <string role="key" value="valueOf_"></string>
          <string value="LOMv1.0"></string>
         </dictionary>
        </instance>
        <string role="key" value="uniqueElementName"></string>
        <string value="aggregationLevel"></string>
        <string role="key" value="value"></string>
        <instance class="exe.engine.lom.lomsubs.aggregationLevelValueSub">
         <dictionary>
          <string role="key" value="extensiontype_"></string>
          <none></none>
          <string role="key" value="source"></string>
          <none></none>
          <string role="key" value="uniqueElementName"></string>
          <string value="value"></string>
          <string role="key" value="value"></string>
          <none></none>
          <string role="key" value="valueOf_"></string>
          <string value="2"></string>
         </dictionary>
        </instance>
       </dictionary>
      </instance>
      <string role="key" value="coverage"></string>
      <list></list>
      <string role="key" value="description"></string>
      <list></list>
      <string role="key" value="identifier"></string>
      <list>
       <instance class="exe.engine.lom.lomsubs.identifierSub">
        <dictionary>
         <string role="key" value="catalog"></string>
         <instance class="exe.engine.lom.lomsubs.catalogSub">
          <dictionary>
           <string role="key" value="uniqueElementName"></string>
           <string value="catalog"></string>
           <string role="key" value="valueOf_"></string>
           <unicode value="Mi catálogo"></unicode>
          </dictionary>
         </instance>
         <string role="key" value="entry"></string>
         <instance class="exe.engine.lom.lomsubs.entrySub">
          <dictionary>
           <string role="key" value="uniqueElementName"></string>
           <string value="entry"></string>
           <string role="key" value="valueOf_"></string>
           <unicode value="61f352d8-154a-4583-9522-351e124ab436"></unicode>
          </dictionary>
         </instance>
        </dictionary>
       </instance>
      </list>
      <string role="key" value="keyword"></string>
      <list></list>
      <string role="key" value="language"></string>
      <list>
       <instance class="exe.engine.lom.lomsubs.LanguageIdSub">
        <dictionary>
         <string role="key" value="extensiontype_"></string>
         <none></none>
         <string role="key" value="valueOf_"></string>
         <string value="es"></string>
        </dictionary>
       </instance>
      </list>
      <string role="key" value="structure"></string>
      <none></none>
      <string role="key" value="title"></string>
      <none></none>
      <string role="key" value="uniqueElementName"></string>
      <string value="general"></string>
     </dictionary>
    </instance>
    <string role="key" value="lifeCycle"></string>
    <none></none>
    <string role="key" value="metaMetadata"></string>
    <instance class="exe.engine.lom.lomsubs.metaMetadataSub">
     <dictionary>
      <string role="key" value="contribute"></string>
      <list></list>
      <string role="key" value="identifier"></string>
      <list></list>
      <string role="key" value="language"></string>
      <instance class="exe.engine.lom.lomsubs.LanguageIdSub">
       <dictionary>
        <string role="key" value="extensiontype_"></string>
        <none></none>
        <string role="key" value="valueOf_"></string>
        <string value="es"></string>
       </dictionary>
      </instance>
      <string role="key" value="metadataSchema"></string>
      <list>
       <instance class="exe.engine.lom.lomsubs.metadataSchemaSub">
        <dictionary>
         <string role="key" value="valueOf_"></string>
         <string value="LOMv1.0"></string>
        </dictionary>
       </instance>
      </list>
      <string role="key" value="uniqueElementName"></string>
      <string value="metaMetadata"></string>
     </dictionary>
    </instance>
    <string role="key" value="relation"></string>
    <list></list>
    <string role="key" value="rights"></string>
    <none></none>
    <string role="key" value="technical"></string>
    <none></none>
   </dictionary>
  </instance>
  <string role="key" value="lomEs"></string>
  <instance class="exe.engine.lom.lomsubs.lomSub">
   <dictionary>
    <string role="key" value="__index__"></string>
    <dictionary></dictionary>
    <string role="key" value="__oldchild__"></string>
    <none></none>
    <string role="key" value="annotation"></string>
    <list></list>
    <string role="key" value="classification"></string>
    <list></list>
    <string role="key" value="educational"></string>
    <list>
     <instance class="exe.engine.lom.lomsubs.educationalSub">
      <dictionary>
       <string role="key" value="cognitiveProcess"></string>
       <list></list>
       <string role="key" value="context"></string>
       <list></list>
       <string role="key" value="description"></string>
       <list></list>
       <string role="key" value="difficulty"></string>
       <none></none>
       <string role="key" value="intendedEndUserRole"></string>
       <list></list>
       <string role="key" value="interactivityLevel"></string>
       <none></none>
       <string role="key" value="interactivityType"></string>
       <none></none>
       <string role="key" value="language"></string>
       <list>
        <instance class="exe.engine.lom.lomsubs.LanguageIdSub">
         <dictionary>
          <string role="key" value="extensiontype_"></string>
          <none></none>
          <string role="key" value="valueOf_"></string>
          <string value="es"></string>
         </dictionary>
        </instance>
       </list>
       <string role="key" value="learningResourceType"></string>
       <list></list>
       <string role="key" value="semanticDensity"></string>
       <none></none>
       <string role="key" value="typicalAgeRange"></string>
       <list></list>
       <string role="key" value="typicalLearningTime"></string>
       <none></none>
      </dictionary>
     </instance>
    </list>
    <string role="key" value="general"></string>
    <instance class="exe.engine.lom.lomsubs.generalSub">
     <dictionary>
      <string role="key" value="aggregationLevel"></string>
      <instance class="exe.engine.lom.lomsubs.aggregationLevelSub">
       <dictionary>
        <string role="key" value="extensiontype_"></string>
        <none></none>
        <string role="key" value="source"></string>
        <instance class="exe.engine.lom.lomsubs.sourceValueSub">
         <dictionary>
          <string role="key" value="extensiontype_"></string>
          <none></none>
          <string role="key" value="string"></string>
          <list></list>
          <string role="key" value="uniqueElementName"></string>
          <string value="source"></string>
          <string role="key" value="valueOf_"></string>
          <string value="LOM-ESv1.0"></string>
         </dictionary>
        </instance>
        <string role="key" value="uniqueElementName"></string>
        <string value="aggregationLevel"></string>
        <string role="key" value="value"></string>
        <instance class="exe.engine.lom.lomsubs.aggregationLevelValueSub">
         <dictionary>
          <string role="key" value="extensiontype_"></string>
          <none></none>
          <string role="key" value="source"></string>
          <none></none>
          <string role="key" value="uniqueElementName"></string>
          <string value="value"></string>
          <string role="key" value="value"></string>
          <none></none>
          <string role="key" value="valueOf_"></string>
          <string value="2"></string>
         </dictionary>
        </instance>
       </dictionary>
      </instance>
      <string role="key" value="coverage"></string>
      <list></list>
      <string role="key" value="description"></string>
      <list></list>
      <string role="key" value="identifier"></string>
      <list>
       <instance class="exe.engine.lom.lomsubs.identifierSub">
        <dictionary>
         <string role="key" value="catalog"></string>
         <instance class="exe.engine.lom.lomsubs.catalogSub">
          <dictionary>
           <string role="key" value="uniqueElementName"></string>
           <string value="catalog"></string>
           <string role="key" value="valueOf_"></string>
           <unicode value="Mi catálogo"></unicode>
          </dictionary>
         </instance>
         <string role="key" value="entry"></string>
         <instance class="exe.engine.lom.lomsubs.entrySub">
          <dictionary>
           <string role="key" value="uniqueElementName"></string>
           <string value="entry"></string>
           <string role="key" value="valueOf_"></string>
           <unicode value="61f352d8-154a-4583-9522-351e124ab436"></unicode>
          </dictionary>
         </instance>
        </dictionary>
       </instance>
      </list>
      <string role="key" value="keyword"></string>
      <list></list>
      <string role="key" value="language"></string>
      <list>
       <instance class="exe.engine.lom.lomsubs.LanguageIdSub">
        <dictionary>
         <string role="key" value="extensiontype_"></string>
         <none></none>
         <string role="key" value="valueOf_"></string>
         <string value="es"></string>
        </dictionary>
       </instance>
      </list>
      <string role="key" value="structure"></string>
      <none></none>
      <string role="key" value="title"></string>
      <none></none>
      <string role="key" value="uniqueElementName"></string>
      <string value="general"></string>
     </dictionary>
    </instance>
    <string role="key" value="lifeCycle"></string>
    <none></none>
    <string role="key" value="metaMetadata"></string>
    <instance class="exe.engine.lom.lomsubs.metaMetadataSub">
     <dictionary>
      <string role="key" value="contribute"></string>
      <list></list>
      <string role="key" value="identifier"></string>
      <list></list>
      <string role="key" value="language"></string>
      <instance class="exe.engine.lom.lomsubs.LanguageIdSub">
       <dictionary>
        <string role="key" value="extensiontype_"></string>
        <none></none>
        <string role="key" value="valueOf_"></string>
        <string value="es"></string>
       </dictionary>
      </instance>
      <string role="key" value="metadataSchema"></string>
      <list>
       <instance class="exe.engine.lom.lomsubs.metadataSchemaSub">
        <dictionary>
         <string role="key" value="valueOf_"></string>
         <string value="LOM-ESv1.0"></string>
        </dictionary>
       </instance>
      </list>
      <string role="key" value="uniqueElementName"></string>
      <string value="metaMetadata"></string>
     </dictionary>
    </instance>
    <string role="key" value="relation"></string>
    <list></list>
    <string role="key" value="rights"></string>
    <instance class="exe.engine.lom.lomsubs.rightsSub">
     <dictionary>
      <string role="key" value="access"></string>
      <instance class="exe.engine.lom.lomsubs.accessSub">
       <dictionary>
        <string role="key" value="accessType"></string>
        <instance class="exe.engine.lom.lomsubs.accessTypeSub">
         <dictionary>
          <string role="key" value="extensiontype_"></string>
          <none></none>
          <string role="key" value="source"></string>
          <instance class="exe.engine.lom.lomsubs.sourceValueSub">
           <dictionary>
            <string role="key" value="extensiontype_"></string>
            <none></none>
            <string role="key" value="string"></string>
            <list></list>
            <string role="key" value="uniqueElementName"></string>
            <string value="source"></string>
            <string role="key" value="valueOf_"></string>
            <string value="LOM-ESv1.0"></string>
           </dictionary>
          </instance>
          <string role="key" value="uniqueElementName"></string>
          <string value="accessType"></string>
          <string role="key" value="value"></string>
          <instance class="exe.engine.lom.lomsubs.accessTypeValueSub">
           <dictionary>
            <string role="key" value="extensiontype_"></string>
            <none></none>
            <string role="key" value="source"></string>
            <none></none>
            <string role="key" value="uniqueElementName"></string>
            <string value="value"></string>
            <string role="key" value="value"></string>
            <none></none>
            <string role="key" value="valueOf_"></string>
            <string value="universal"></string>
           </dictionary>
          </instance>
         </dictionary>
        </instance>
        <string role="key" value="description"></string>
        <instance class="exe.engine.lom.lomsubs.LanguageStringSub">
         <dictionary>
          <string role="key" value="extensiontype_"></string>
          <none></none>
          <string role="key" value="string"></string>
          <list>
           <instance class="exe.engine.lom.lomsubs.LangStringSub">
            <dictionary>
             <string role="key" value="language"></string>
             <string value="es"></string>
             <string role="key" value="valueOf_"></string>
             <unicode value="Preestablecido"></unicode>
            </dictionary>
           </instance>
          </list>
         </dictionary>
        </instance>
        <string role="key" value="uniqueElementName"></string>
        <string value="access"></string>
       </dictionary>
      </instance>
      <string role="key" value="copyrightAndOtherRestrictions"></string>
      <none></none>
      <string role="key" value="cost"></string>
      <none></none>
      <string role="key" value="description"></string>
      <none></none>
      <string role="key" value="uniqueElementName"></string>
      <string value="rights"></string>
     </dictionary>
    </instance>
    <string role="key" value="technical"></string>
    <none></none>
   </dictionary>
  </instance>
  <string role="key" value="mxmlforcemediaonly"></string>
  <bool value="0"></bool>
  <string role="key" value="mxmlheight"></string>
  <string value=""></string>
  <string role="key" value="mxmlprofilelist"></string>
  <string value=""></string>
  <string role="key" value="mxmlwidth"></string>
  <string value=""></string>
  <string role="key" value="resources"></string>
  <dictionary></dictionary>
  <string role="key" value="root"></string>
  <reference key="3"></reference>
  <string role="key" value="scolinks"></string>
  <bool value="0"></bool>
  <string role="key" value="scowsinglepage"></string>
  <bool value="0"></bool>
  <string role="key" value="scowwebsite"></string>
  <bool value="0"></bool>
  <string role="key" value="style"></string>
  <unicode value="MAX"></unicode>
  <string role="key" value="sugaractivityname"></string>
  <string value=""></string>
  <string role="key" value="sugarservicename"></string>
  <string value=""></string>
  <string role="key" value="tempFile"></string>
  <bool value="0"></bool>
 </dictionary>
</instance>