<?xml version="1.0"?>

<!--

platform: windows,macosx,linux (any combination, separted by a comma)
context: see wb_context.h for full listing
	- *global (default)
	- *model (model, overview.physical)
	- *query (dbquery)
	- model
	- overview.physical
	- overview.dbquery
	- dbquery
-->

<data>
  <value type="object" struct-name="app.Toolbar" id="com.mysql.wb.dbqtoolbar.dbquery">
    <value type="string" key="name">dbquery</value>

    <value type="list" key="items" content-type="object" content-struct-name="app.ToolbarItem">
    
      <value type="object" struct-name="app.ToolbarItem" id="com.mysql.wb.dbqtoolbar.new">
        <link type="object" key="owner" struct-name="db.Toolbar">com.mysql.wb.dbqtoolbar.dbquery</link>
        <value type="string" key="name">qnew</value>
        <value type="string" key="icon">tiny_new_script.png</value>
        <value type="string" key="itemType">action</value>
        <value type="string" key="command">builtin:query.newFile</value>
        <value type="string" key="tooltip">Create a New SQL Script File</value>
      </value>

      <value type="object" struct-name="app.ToolbarItem" id="com.mysql.wb.dbqtoolbar.open">
        <link type="object" key="owner" struct-name="db.Toolbar">com.mysql.wb.dbqtoolbar.dbquery</link>
        <value type="string" key="name">qopen</value>
        <value type="string" key="icon">tiny_loadsql.png</value>
        <value type="string" key="itemType">action</value>
        <value type="string" key="command">builtin:query.openFile</value>
        <value type="string" key="tooltip">Open a SQL Script File</value>
      </value>

      <value type="object" struct-name="app.ToolbarItem" id="com.mysql.wb.dbqtoolbar.save">
        <link type="object" key="owner" struct-name="db.Toolbar">com.mysql.wb.dbqtoolbar.dbquery</link>
        <value type="string" key="name">qsave</value>
        <value type="string" key="icon">tiny_savesql.png</value>
        <value type="string" key="itemType">action</value>
        <value type="string" key="command">builtin:query.saveFile</value>
        <value type="string" key="tooltip">Save SQL Script to File</value>
      </value>

      <!--value type="object" struct-name="app.ToolbarItem" id="com.mysql.wb.dbqtoolbar.saveas">
        <link type="object" key="owner" struct-name="db.Toolbar">com.mysql.wb.dbqtoolbar.dbquery</link>
        <value type="string" key="name">qsaveas</value>
        <value type="string" key="icon">tiny_saveas.png</value>
        <value type="string" key="itemType">action</value>
        <value type="string" key="command">builtin:query.saveas</value>
        <value type="string" key="tooltip">Save SQL Script to a New File</value>
      </value-->

      <value type="object" struct-name="app.ToolbarItem" id="com.mysql.wb.dbqtoolbar.sep.saveas">
        <link type="object" key="owner" struct-name="db.Toolbar">com.mysql.wb.dbqtoolbar.dbquery</link>
        <value type="string" key="itemType">separator</value>
        <value type="string" key="name">s1</value>
      </value>

      <value type="object" struct-name="app.ToolbarItem" id="com.mysql.wb.dbqtoolbar.snip">
        <link type="object" key="owner" struct-name="db.Toolbar">com.mysql.wb.dbqtoolbar.dbquery</link>
        <value type="string" key="name">save_snippet</value>
        <value type="string" key="icon">tiny_bookmark.png</value>
        <value type="string" key="itemType">action</value>
        <value type="string" key="tooltip">Save SQL to Snippets List</value>
        <value type="string" key="command">builtin:query.savesnippet</value>
      </value>


      <value type="object" struct-name="app.ToolbarItem" id="com.mysql.wb.dbqtoolbar.sep.snip">
        <link type="object" key="owner" struct-name="db.Toolbar">com.mysql.wb.dbqtoolbar.dbquery</link>
        <value type="string" key="itemType">separator</value>
        <value type="string" key="name">s2</value>
      </value>

     <value type="object" struct-name="app.ToolbarItem" id="com.mysql.wb.dbqtoolbar.execute">
        <link type="object" key="owner" struct-name="db.Toolbar">com.mysql.wb.dbqtoolbar.dbquery</link>
        <value type="string" key="name">execute</value>
        <value type="string" key="icon">tiny_execute.png</value>
        <value type="string" key="itemType">action</value>
        <value type="string" key="tooltip">Execute SQL Script in Connected Server</value>
        <value type="string" key="command">builtin:query.execute</value>
      </value>

      <value type="object" struct-name="app.ToolbarItem" id="com.mysql.wb.dbqtoolbar.execute_current_statement">
        <link type="object" key="owner" struct-name="db.Toolbar">com.mysql.wb.dbqtoolbar.dbquery</link>
        <value type="string" key="name">execute_current_statement</value>
        <value type="string" key="icon">tiny_execute_current.png</value>
        <value type="string" key="itemType">action</value>
        <value type="string" key="tooltip">Execute Current SQL Statement in Connected Server</value>
        <value type="string" key="command">builtin:query.execute_current_statement</value>
      </value>

      <value type="object" struct-name="app.ToolbarItem" id="com.mysql.wb.dbqtoolbar.explain">
        <link type="object" key="owner" struct-name="db.Toolbar">com.mysql.wb.dbqtoolbar.dbquery</link>
        <value type="string" key="name">explain</value>
        <value type="string" key="icon">tiny_explain.png</value>
        <value type="string" key="itemType">action</value>
        <value type="string" key="tooltip">Explain (All or Selection)</value>
        <value type="string" key="command">builtin:query.explain</value>
      </value>

      <value type="object" struct-name="app.ToolbarItem" id="com.mysql.wb.dbqtoolbar.cancel">
        <link type="object" key="owner" struct-name="db.Toolbar">com.mysql.wb.dbqtoolbar.dbquery</link>
        <value type="string" key="name">cancel</value>
        <value type="string" key="icon">tiny_cancel.png</value>
        <value type="string" key="itemType">action</value>
        <value type="string" key="tooltip">Stop the query being executed (this will restart the connection to the DB server)</value>
        <value type="string" key="command">builtin:query.cancel</value>
      </value>

      <value type="object" struct-name="app.ToolbarItem" id="com.mysql.wb.dbqtoolbar.continue_on_error">
        <link type="object" key="owner" struct-name="db.Toolbar">com.mysql.wb.dbqtoolbar.dbquery</link>
        <value type="string" key="name">continue_on_error</value>
        <value type="string" key="icon">query_continue_on_error.png</value>
        <value type="string" key="altIcon">query_stop_on_error.png</value>
        <value type="string" key="itemType">toggle</value>
        <value type="string" key="command">builtin:query.stopOnError</value>
        <value type="string" key="tooltip">Toggle whether execution of SQL script should continue after failed statements</value>
      </value>

      <value type="object" struct-name="app.ToolbarItem" id="com.mysql.wb.dbqtoolbar.sep.cancel">
        <link type="object" key="owner" struct-name="db.Toolbar">com.mysql.wb.dbqtoolbar.dbquery</link>
        <value type="string" key="itemType">separator</value>
      </value>

      <value type="object" struct-name="app.ToolbarItem" id="com.mysql.wb.dbqtoolbar.commit">
        <link type="object" key="owner" struct-name="db.Toolbar">com.mysql.wb.dbqtoolbar.dbquery</link>
        <value type="string" key="name">commit</value>
        <value type="string" key="icon">tiny_commit.png</value>
        <value type="string" key="itemType">action</value>
        <value type="string" key="tooltip">Commit</value>
        <value type="string" key="command">builtin:query.commit</value>
      </value>

      <value type="object" struct-name="app.ToolbarItem" id="com.mysql.wb.dbqtoolbar.rollback">
        <link type="object" key="owner" struct-name="db.Toolbar">com.mysql.wb.dbqtoolbar.dbquery</link>
        <value type="string" key="name">rollback</value>
        <value type="string" key="icon">tiny_rollback.png</value>
        <value type="string" key="itemType">action</value>
        <value type="string" key="tooltip">Rollback</value>
        <value type="string" key="command">builtin:query.rollback</value>
      </value>

      <value type="object" struct-name="app.ToolbarItem" id="com.mysql.wb.dbqtoolbar.autocommit">
        <link type="object" key="owner" struct-name="db.Toolbar">com.mysql.wb.dbqtoolbar.dbquery</link>
        <value type="string" key="name">autocommit</value>
        <value type="string" key="icon">tiny_autocommit_on.png</value>
        <value type="string" key="altIcon">tiny_autocommit_off.png</value>
        <value type="string" key="itemType">toggle</value>
        <value type="string" key="tooltip">Toggle auto-commit mode</value>
        <value type="string" key="command">builtin:query.autocommit</value>
      </value>


      <value type="object" struct-name="app.ToolbarItem" id="com.mysql.wb.dbqtoolbar.sep.refresh">
        <link type="object" key="owner" struct-name="db.Toolbar">com.mysql.wb.dbqtoolbar.dbquery</link>
        <value type="string" key="itemType">separator</value>
      </value>

      <value type="object" struct-name="app.ToolbarItem" id="com.mysql.wb.dbqtoolbar.reconnect">
        <link type="object" key="owner" struct-name="db.Toolbar">com.mysql.wb.dbqtoolbar.dbquery</link>
        <value type="string" key="name">reconnect</value>
        <value type="string" key="icon">tiny_reconnect.png</value>
        <value type="string" key="itemType">action</value>
        <value type="string" key="command">builtin:query.reconnect</value>
        <value type="string" key="tooltip">Reconnect to DBMS</value>
      </value>

      <value type="object" struct-name="app.ToolbarItem" id="com.mysql.wb.dbqtoolbar.sep.reconnect">
        <link type="object" key="owner" struct-name="db.Toolbar">com.mysql.wb.dbqtoolbar.dbquery</link>
        <value type="string" key="itemType">separator</value>
      </value>

      <value type="object" struct-name="app.ToolbarItem" id="com.mysql.wb.dbqtoolbar.refresh_physical_overview">
        <link type="object" key="owner" struct-name="db.Toolbar">com.mysql.wb.dbqtoolbar.dbquery</link>
        <value type="string" key="name">refresh_physical_overview</value>
        <value type="string" key="icon">tiny_refresh.png</value>
        <value type="string" key="itemType">action</value>
        <value type="string" key="command">builtin:query.refresh_physical_overview</value>
        <value type="string" key="tooltip">Refresh state of database structures: Schemata/Tables/Views/Routines</value>
      </value>

      <value type="object" struct-name="app.ToolbarItem" id="com.mysql.wb.dbqtoolbar.sep.pin_by_default">
        <link type="object" key="owner" struct-name="db.Toolbar">com.mysql.wb.dbqtoolbar.dbquery</link>
        <value type="string" key="itemType">separator</value>
      </value>


      <value type="object" struct-name="app.ToolbarItem" id="com.mysql.wb.dbqtoolbar.pin_by_default">
        <link type="object" key="owner" struct-name="db.Toolbar">com.mysql.wb.dbqtoolbar.dbquery</link>
        <value type="string" key="name">recordsets_are_pinned_by_default</value>
        <value type="string" key="icon">tiny_pin.png</value>
        <value type="string" key="altIcon">tiny_pinned.png</value>
        <value type="string" key="itemType">toggle</value>
        <value type="string" key="command">builtin:query.recordsets_are_pinned_by_default</value>
        <value type="string" key="tooltip">Toggle whether query result tabs should be kept between queries by default</value>
      </value>

      <value type="object" struct-name="app.ToolbarItem" id="com.mysql.wb.dbqtoolbar.sidebarhide">
        <link type="object" key="owner" struct-name="db.Toolbar">com.mysql.wb.dbqtoolbar.dbquery</link>
        <value type="string" key="name">sidebarhide__right</value>
        <value type="string" key="icon">tiny_hidesidebar.png</value>
        <value type="string" key="itemType">toggle</value>
        <value type="string" key="command">builtin:wb.sidebarHide</value>
        <value type="string" key="tooltip">Toggle Sidebar</value>
        <value type="string" key="platform">macosx,linux</value>
      </value>

      <!--value type="object" struct-name="app.ToolbarItem" id="com.mysql.wb.dbqtoolbar.grt_shell">
        <link type="object" key="owner" struct-name="db.Toolbar">com.mysql.wb.dbqtoolbar.dbquery</link>
        <value type="string" key="name">grtshell__right</value>
        <value type="string" key="icon">tiny_grtshell.png</value>
        <value type="string" key="itemType">action</value>
        <value type="string" key="command">plugin:wb.form.showGRTShell</value>
        <value type="string" key="tooltip">Show GRT Shell IDE</value>
        <value type="string" key="platform">windows,linux</value>
      </value-->

      <value type="object" struct-name="app.ToolbarItem" id="com.mysql.wb.dbqtoolbar.sep.search">
        <link type="object" key="owner" struct-name="db.Toolbar">com.mysql.wb.dbqtoolbar.dbquery</link>
        <value type="string" key="itemType">separator</value>
        <value type="string" key="name">s3__right</value>
        <value type="string" key="platform">windows,linux</value>
      </value>

      <value type="object" struct-name="app.ToolbarItem" id="com.mysql.wb.dbqtoolbar.search">
        <link type="object" key="owner" struct-name="db.Toolbar">com.mysql.wb.dbqtoolbar.dbquery</link>
        <value type="string" key="name">search__right</value>
        <value type="string" key="itemType">search</value>
        <value type="string" key="command">builtin:searchbox</value>
        <value type="string" key="tooltip">Search text in script</value>
      </value>

      <value type="object" struct-name="app.ToolbarItem" id="com.mysql.wb.dbqtoolbar.icon.search">
        <link type="object" key="owner" struct-name="db.Toolbar">com.mysql.wb.dbqtoolbar.dbquery</link>
        <value type="string" key="name">iconsearch__right</value>
        <value type="string" key="itemType">action</value>
        <value type="string" key="command">builtin:searchbox</value>
        <value type="string" key="icon">tiny_search.png</value>
        <value type="string" key="tooltip">Search text in script</value>
        <value type="string" key="platform">windows</value>
      </value>

    </value>
  </value>
</data>
