<?xml version="1.0"?>

<data>
  <value type="object" struct-name="app.Toolbar" id="com.mysql.wb.toolbar.option.note">
    <value type="string" key="name">options/basic/note</value>
    <value type="list" key="items" content-type="object" content-struct-name="app.ToolbarItem">

      <value type="object" struct-name="app.ToolbarItem" id="com.mysql.wb.toolbar.tool.option.note.color">
        <link type="object" key="owner" struct-name="db.Toolbar">com.mysql.wb.toolbar.option.note</link>
        <value type="string" key="name">basic/note/color</value>
        <value type="string" key="command">option:workbench.model.NoteFigure:Color</value>
        <value type="string" key="itemType">dropdown</value>
      </value>

      <value type="object" struct-name="app.ToolbarItem" id="com.mysql.wb.toolbar.tool.option.note.drawback">
        <link type="object" key="owner" struct-name="db.Toolbar">com.mysql.wb.toolbar.option.note</link>
        <value type="string" key="name">basic/note/drawback</value>
        <value type="string" key="tooltip">Draw Background</value>
        <value type="string" key="command">option:workbench.model.NoteFigure:DrawBackground</value>
        <value type="string" key="itemType">toggle</value>
      </value>

    </value>
  </value>
</data>
