<?xml version="1.0"?>

<data grt_format="2.0" document_type="MySQL Workbench Starters" version="1.0.0">
  <value type="list" key="items" content-type="object" content-struct-name="app.Starter">
    <value type="object" struct-name="app.Starter" id="com.mysql.wb.starter.docs">
      <value type="string" key="type">WB Plugin</value>
      <value type="string" key="title">MySQL Doc Library</value>
      <value type="string" key="description">The full MySQL Documentation Library for all MySQL products.</value>
      <value type="string" key="publisher">Oracle Corp.</value>
      <value type="string" key="smallIcon">wb_starter_mysql_doc_lib_52.png</value>
      <value type="string" key="largeIcon">wb_starter_mysql_doc_lib_68.png</value>
      <value type="string" key="command">plugin:wb.doclib.open</value>
    </value>

    <value type="object" struct-name="app.Starter" id="com.mysql.wb.starter.bug-reporter">
      <value type="string" key="type">Website</value>
      <value type="string" key="title">MySQL Bug Reporter</value>
      <value type="string" key="description">The easiest way to report a bug found in a MySQL product.</value>
      <value type="string" key="publisher">Oracle Corp.</value>
      <value type="string" key="smallIcon">wb_starter_mysql_bug_reporter_52.png</value>
      <value type="string" key="largeIcon">wb_starter_mysql_bug_reporter_68.png</value>
      <value type="string" key="command">http://bugs.mysql.com</value>
    </value>

    <value type="object" struct-name="app.Starter" id="com.mysql.wb.starter.team-blog">
      <value type="string" key="type">Website</value>
      <value type="string" key="title">MySQL Team Blog</value>
      <value type="string" key="description">Read the latest information about MySQL Workbench.</value>
      <value type="string" key="publisher">Oracle Corp.</value>
      <value type="string" key="smallIcon">wb_starter_mysql_wb_blog_52.png</value>
      <value type="string" key="largeIcon">wb_starter_mysql_wb_blog_68.png</value>
      <value type="string" key="command">http://wb.mysql.com</value>
    </value>

    <value type="object" struct-name="app.Starter" id="com.mysql.wb.starter.planet-mysql">
      <value type="string" key="type">Website</value>
      <value type="string" key="title">Workbench Team Blog</value>
      <value type="string" key="description">Read the best Community Blogs about MySQL on Planet MySQL.</value>
      <value type="string" key="publisher">Community</value>
      <value type="string" key="smallIcon">wb_starter_planet_mysql_52.png</value>
      <value type="string" key="largeIcon">wb_starter_planet_mysql_68.png</value>
      <value type="string" key="command">http://wb.mysql.com</value>
    </value>

    <value type="object" struct-name="app.Starter" id="com.mysql.wb.starter.newsletter">
      <value type="string" key="type">Website</value>
      <value type="string" key="title">MySQL News Letter</value>
      <value type="string" key="description">Read the official Newsletter published by Oracle.</value>
      <value type="string" key="publisher">Oracle Corp.</value>
      <value type="string" key="smallIcon">wb_starter_mysql_news_52.png</value>
      <value type="string" key="largeIcon">wb_starter_mysql_news_68.png</value>
      <value type="string" key="command">http://lists.mysql.com/announce</value>
    </value>

    <value type="object" struct-name="app.Starter" id="com.mysql.wb.starter.twitters">
      <value type="string" key="type">Website</value>
      <value type="string" key="title">Workbench Twitters</value>
      <value type="string" key="description">Read what the community writes about WB on twitter.</value>
      <value type="string" key="publisher">Community</value>
      <value type="string" key="smallIcon">wb_starter_mysql_wb_twitters_52.png</value>
      <value type="string" key="largeIcon">wb_starter_mysql_wb_twitters_68.png</value>
      <value type="string" key="command">http://twitter.com/#search?q=MySQL%20Workbench</value>
    </value>

  </value>
    
</data>
  
