<?xml version="1.0" encoding="utf-8"?>

<instance xmlns="http://www.exelearning.org/content/v0.3" reference="1" version="0.3" xmlns:xsi="http://www.w3.org/2001/XMLSchema-instance" xsi:schemalocation="http://www.exelearning.org/content/v0.3 content.xsd" class="exe.engine.package.Package">
 <dictionary>
  <string role="key" value="_title"></string>
  <unicode value="Trabajo Práctico 4 – Clases Abstractas vs. Interfaces"></unicode>
  <string role="key" value="idevices"></string>
  <list></list>
  <string role="key" value="_author"></string>
  <unicode value="Diego Cano, Gabriel Maljkovich"></unicode>
  <string role="key" value="_backgroundImg"></string>
  <instance class="exe.engine.resource.Resource" reference="13">
   <dictionary>
    <string role="key" value="_idevice"></string>
    <none></none>
    <string role="key" value="_package"></string>
    <reference key="1"></reference>
    <string role="key" value="_storageName"></string>
    <string value="logo_unqui.png"></string>
    <string role="key" value="_userName"></string>
    <string value="/var/folders/pr/5rq_93s51qv4p_h5vmg608p40000gn/T/tmpSr1THr/logo_unqui.png"></string>
    <string role="key" value="checksum"></string>
    <string value="123dc6d351315b63fbf4379ef1f611b2"></string>
    <string role="key" value="exe.engine.resource.Resource.persistenceVersion"></string>
    <int value="2"></int>
    <string role="key" value="exe.engine.resource._Resource.persistenceVersion"></string>
    <int value="2"></int>
   </dictionary>
  </instance>
  <string role="key" value="_contextMode"></string>
  <unicode value="presencial"></unicode>
  <string role="key" value="_contextPlace"></string>
  <unicode value="classroom"></unicode>
  <string role="key" value="_description"></string>
  <unicode value=""></unicode>
  <string role="key" value="_docType"></string>
  <unicode value="XHTML"></unicode>
  <string role="key" value="_intendedEndUserRoleGroup"></string>
  <bool value="0"></bool>
  <string role="key" value="_intendedEndUserRoleTutor"></string>
  <bool value="0"></bool>
  <string role="key" value="_intendedEndUserRoleType"></string>
  <unicode value="learner"></unicode>
  <string role="key" value="_isChanged"></string>
  <bool value="0"></bool>
  <string role="key" value="_lang"></string>
  <unicode value="es"></unicode>
  <string role="key" value="_learningResourceType"></string>
  <unicode value=""></unicode>
  <string role="key" value="_levelNames"></string>
  <list>
   <unicode value="Tema"></unicode>
   <unicode value="Sección"></unicode>
   <unicode value="Unidad"></unicode>
  </list>
  <string role="key" value="_name"></string>
  <unicode value="compositeStrategy"></unicode>
  <string role="key" value="_nextIdeviceId"></string>
  <int value="9"></int>
  <string role="key" value="_nextNodeId"></string>
  <int value="3"></int>
  <string role="key" value="_nodeIdDict"></string>
  <dictionary>
   <unicode role="key" value="0"></unicode>
   <instance class="exe.engine.node.Node" reference="4">
    <dictionary>
     <string role="key" value="_title"></string>
     <unicode value="Trabajo Práctico State y Strategy"></unicode>
     <string role="key" value="idevices"></string>
     <list>
      <instance class="exe.engine.genericidevice.GenericIdevice" reference="2">
       <dictionary>
        <string role="key" value="_title"></string>
        <unicode value="Objectives"></unicode>
        <string role="key" value="_author"></string>
        <unicode value="University of Auckland"></unicode>
        <string role="key" value="_purpose"></string>
        <unicode value="Objectives describe the expected outcomes of the learning and should
define what the learners will be able to do when they have completed the
learning tasks."></unicode>
        <string role="key" value="_tip"></string>
        <unicode value=""></unicode>
        <string role="key" value="class_"></string>
        <unicode value="objectives"></unicode>
        <string role="key" value="edit"></string>
        <bool value="0"></bool>
        <string role="key" value="emphasis"></string>
        <int value="1"></int>
        <string role="key" value="exe.engine.genericidevice.GenericIdevice.persistenceVersion"></string>
        <int value="11"></int>
        <string role="key" value="fields"></string>
        <list>
         <instance class="exe.engine.field.TextAreaField" reference="3">
          <dictionary>
           <string role="key" value="_id"></string>
           <unicode value="41_2"></unicode>
           <string role="key" value="_idevice"></string>
           <reference key="2"></reference>
           <string role="key" value="_instruc"></string>
           <unicode value="Type the learning objectives for this resource."></unicode>
           <string role="key" value="_name"></string>
           <unicode value="Objectives"></unicode>
           <string role="key" value="anchor_names"></string>
           <list></list>
           <string role="key" value="anchors_linked_from_fields"></string>
           <dictionary></dictionary>
           <string role="key" value="content_w_resourcePaths"></string>
           <unicode content="true" value="&lt;p&gt;&lt;span color=&quot;#4f81bd&quot;&gt;&lt;span face=&quot;Arial, sans-serif&quot;&gt;&lt;span size=&quot;3&quot;&gt;Comprender los patrones de diseño Composite y Strategy. Discutir alternativas de diseño e implementación.&lt;br /&gt;&lt;/span&gt;&lt;/span&gt;&lt;/span&gt;&lt;/p&gt;
&lt;p class=&quot;western&quot; style=&quot;margin-bottom: 0cm; line-height: 100%;&quot; lang=&quot;es-ES&quot; align=&quot;justify&quot;&gt;&lt;/p&gt;"></unicode>
           <string role="key" value="exe.engine.field.Field.persistenceVersion"></string>
           <int value="4"></int>
           <string role="key" value="exe.engine.field.FieldWithResources.persistenceVersion"></string>
           <int value="2"></int>
           <string role="key" value="exe.engine.field.TextAreaField.persistenceVersion"></string>
           <int value="3"></int>
           <string role="key" value="htmlTag"></string>
           <string value="div"></string>
           <string role="key" value="images"></string>
           <instance class="exe.engine.galleryidevice.GalleryImages">
            <dictionary>
             <string role="key" value=".listitems"></string>
             <list></list>
             <string role="key" value="idevice"></string>
             <reference key="3"></reference>
            </dictionary>
           </instance>
           <string role="key" value="intlinks_to_anchors"></string>
           <dictionary></dictionary>
           <string role="key" value="nextImageId"></string>
           <int value="0"></int>
           <string role="key" value="parentNode"></string>
           <reference key="4"></reference>
          </dictionary>
         </instance>
        </list>
        <string role="key" value="icon"></string>
        <unicode value="objectives"></unicode>
        <string role="key" value="id"></string>
        <unicode value="2"></unicode>
        <string role="key" value="lastIdevice"></string>
        <bool value="0"></bool>
        <string role="key" value="nextFieldId"></string>
        <int value="3"></int>
        <string role="key" value="originalicon"></string>
        <unicode value="objectives"></unicode>
        <string role="key" value="parentNode"></string>
        <reference key="4"></reference>
        <string role="key" value="systemResources"></string>
        <list>
         <string value="common.js"></string>
        </list>
        <string role="key" value="undo"></string>
        <bool value="1"></bool>
        <string role="key" value="userResources"></string>
        <list></list>
        <string role="key" value="version"></string>
        <int value="0"></int>
       </dictionary>
      </instance>
      <instance class="exe.engine.genericidevice.GenericIdevice" reference="5">
       <dictionary>
        <string role="key" value="_title"></string>
        <unicode value="Encriptación"></unicode>
        <string role="key" value="_author"></string>
        <unicode value="University of Auckland"></unicode>
        <string role="key" value="_purpose"></string>
        <unicode value="An activity can be defined as a task or set of tasks a learner must
complete. Provide a clear statement of the task and consider any conditions
that may help or hinder the learner in the performance of the task."></unicode>
        <string role="key" value="_tip"></string>
        <unicode value=""></unicode>
        <string role="key" value="class_"></string>
        <unicode value="activity"></unicode>
        <string role="key" value="edit"></string>
        <bool value="0"></bool>
        <string role="key" value="emphasis"></string>
        <int value="1"></int>
        <string role="key" value="exe.engine.genericidevice.GenericIdevice.persistenceVersion"></string>
        <int value="11"></int>
        <string role="key" value="fields"></string>
        <list>
         <instance class="exe.engine.field.TextAreaField" reference="6">
          <dictionary>
           <string role="key" value="_id"></string>
           <unicode value="42_2"></unicode>
           <string role="key" value="_idevice"></string>
           <reference key="5"></reference>
           <string role="key" value="_instruc"></string>
           <unicode value="Describe the tasks the learners should complete."></unicode>
           <string role="key" value="_name"></string>
           <unicode value="Activity"></unicode>
           <string role="key" value="anchor_names"></string>
           <list></list>
           <string role="key" value="anchors_linked_from_fields"></string>
           <dictionary></dictionary>
           <string role="key" value="content_w_resourcePaths"></string>
           <unicode content="true" value="&lt;p&gt;Debe implementar la clase EncriptadorNaive, que se encarga de transformar cadenas de texto para que puedan ser enviadas por una red de computadoras en forma segura. La misma posee una única forma de encriptar que consiste en cambiar el orden de las palabras. Luego, debe agregar nuevas formas de encriptar y desencriptar, por ejemplo:&lt;/p&gt;
&lt;ol&gt;
&lt;li&gt;Modificando cada aparición de una vocal en el texto por la vocal siguiente en el orden tradicional, esto es: si aparece una a, la cambia por una e, si aparece una e la cambia por una i y así siguiendo.  Para las consonantes, números y cualquier otro carácter no realiza ningún cambio.&lt;/li&gt;
&lt;li&gt;Escribiendo cada letra por un numero que la representa. Las letras del abecedario están numeradas la ‘a’ con el 1, la ‘b’ con el 2 y así siguiendo. El espacio esta representado por el numero 0 y los números están separados por comas. Por ejemplo la palabra “Diego” se representa por la cadena “4,9,5,7,15”. No se distinguen mayúsculas, ni minúsculas. Asuma que no hay acentos ni otros caracteres diferentes a las letras y los espacios.&lt;/li&gt;
&lt;/ol&gt;
&lt;p&gt;Por su parte, el método desencriptar realiza la inversa de cada uno. Recibe un String como parámetro y retorna otro String donde realizo la desencriptacion.&lt;/p&gt;
&lt;ul&gt;
&lt;li&gt;public String encriptar(String texto)&lt;/li&gt;
&lt;li&gt;public String desencriptar(String texto)&lt;/li&gt;
&lt;/ul&gt;
&lt;p&gt;Sobre este enunciado:&lt;/p&gt;
&lt;ol&gt;
&lt;li&gt;Realice un diagrama de clases UML de la solución propuesta&lt;/li&gt;
&lt;li&gt;&lt;span color=&quot;#548dd4&quot;&gt;&lt;span face=&quot;Arial, sans-serif&quot;&gt;&lt;span size=&quot;3&quot;&gt;Realice los test de unidad necesarios para la clase EncriptadorNaive y sus método encriptar y desencriptar, para que pueda ser utilizada para encriptar y desencriptar cadenas de texto utilizando las diferentes formas de encriptación.&lt;/span&gt;&lt;/span&gt;&lt;/span&gt;&lt;/li&gt;
&lt;li&gt;&lt;span color=&quot;#548dd4&quot;&gt;&lt;span face=&quot;Arial, sans-serif&quot;&gt;&lt;span size=&quot;3&quot;&gt;Implemente en Java.&lt;/span&gt;&lt;/span&gt;&lt;/span&gt;&lt;/li&gt;
&lt;/ol&gt;"></unicode>
           <string role="key" value="exe.engine.field.Field.persistenceVersion"></string>
           <int value="4"></int>
           <string role="key" value="exe.engine.field.FieldWithResources.persistenceVersion"></string>
           <int value="2"></int>
           <string role="key" value="exe.engine.field.TextAreaField.persistenceVersion"></string>
           <int value="3"></int>
           <string role="key" value="htmlTag"></string>
           <string value="div"></string>
           <string role="key" value="images"></string>
           <instance class="exe.engine.galleryidevice.GalleryImages">
            <dictionary>
             <string role="key" value=".listitems"></string>
             <list></list>
             <string role="key" value="idevice"></string>
             <reference key="6"></reference>
            </dictionary>
           </instance>
           <string role="key" value="intlinks_to_anchors"></string>
           <dictionary></dictionary>
           <string role="key" value="nextImageId"></string>
           <int value="0"></int>
           <string role="key" value="parentNode"></string>
           <reference key="4"></reference>
          </dictionary>
         </instance>
        </list>
        <string role="key" value="icon"></string>
        <unicode value="activity"></unicode>
        <string role="key" value="id"></string>
        <unicode value="3"></unicode>
        <string role="key" value="lastIdevice"></string>
        <bool value="0"></bool>
        <string role="key" value="nextFieldId"></string>
        <int value="3"></int>
        <string role="key" value="originalicon"></string>
        <unicode value="activity"></unicode>
        <string role="key" value="parentNode"></string>
        <reference key="4"></reference>
        <string role="key" value="systemResources"></string>
        <list>
         <string value="common.js"></string>
        </list>
        <string role="key" value="undo"></string>
        <bool value="1"></bool>
        <string role="key" value="userResources"></string>
        <list></list>
        <string role="key" value="version"></string>
        <int value="0"></int>
       </dictionary>
      </instance>
      <instance class="exe.engine.genericidevice.GenericIdevice" reference="7">
       <dictionary>
        <string role="key" value="_title"></string>
        <unicode value="Cultivos"></unicode>
        <string role="key" value="_author"></string>
        <unicode value="University of Auckland"></unicode>
        <string role="key" value="_purpose"></string>
        <unicode value="An activity can be defined as a task or set of tasks a learner must
complete. Provide a clear statement of the task and consider any conditions
that may help or hinder the learner in the performance of the task."></unicode>
        <string role="key" value="_tip"></string>
        <unicode value=""></unicode>
        <string role="key" value="class_"></string>
        <unicode value="activity"></unicode>
        <string role="key" value="edit"></string>
        <bool value="0"></bool>
        <string role="key" value="emphasis"></string>
        <int value="1"></int>
        <string role="key" value="exe.engine.genericidevice.GenericIdevice.persistenceVersion"></string>
        <int value="11"></int>
        <string role="key" value="fields"></string>
        <list>
         <instance class="exe.engine.field.TextAreaField" reference="8">
          <dictionary>
           <string role="key" value="_id"></string>
           <unicode value="44_2"></unicode>
           <string role="key" value="_idevice"></string>
           <reference key="7"></reference>
           <string role="key" value="_instruc"></string>
           <unicode value="Describe the tasks the learners should complete."></unicode>
           <string role="key" value="_name"></string>
           <unicode value="Activity"></unicode>
           <string role="key" value="anchor_names"></string>
           <list></list>
           <string role="key" value="anchors_linked_from_fields"></string>
           <dictionary></dictionary>
           <string role="key" value="content_w_resourcePaths"></string>
           <unicode content="true" value="&lt;p&gt;Diseñe una solución para el siguiente problema. Se debe modelar un sistema que controla el uso que se le da a porciones productivas de tierra. Las porciones pueden ser puras de un cultivo o mixtas, estas ultimas se dividen en cuatro regiones iguales. En cada región se pueden plantar solamente soja, trigo o subdividir la porción en cuatro siguiendo las mismas reglas anteriores. La figura muestra un ejemplo de esto. A partir del cultivo, el sistema debe determinar las ganancias anuales de cada tipo de cultivo para una región. La región cultivada con soja da una ganancia anual de $500, la de trigo $300. En caso que la región este subdividida, la ganancia será́ proporcional a la cantidad de sub parcelas que posean ese cultivo. El sistema debe responder a la ganancia anual que dará́ la parcela tanto para soja como para trigo.&lt;/p&gt;
&lt;p&gt;&lt;img src=&quot;resources/sdasds.jpg&quot; alt=&quot;&quot; width=&quot;393&quot; height=&quot;364&quot; /&gt;&lt;/p&gt;
&lt;ol&gt;
&lt;li&gt;Implemente en Java&lt;/li&gt;
&lt;li&gt;Describa las alternativas que puede utilizar para calcular la ganancia anual. Relacione las alternativas.&lt;/li&gt;
&lt;li&gt;Explique la discusión sobre quiénes deben implementar las operaciones de agregado y borrado de hijos.&lt;/li&gt;
&lt;li&gt;Sobre su implementación, indique los roles que desempeñan cada una de las clases diseñadas en relación al patrón Composite.&lt;/li&gt;
&lt;/ol&gt;"></unicode>
           <string role="key" value="exe.engine.field.Field.persistenceVersion"></string>
           <int value="4"></int>
           <string role="key" value="exe.engine.field.FieldWithResources.persistenceVersion"></string>
           <int value="2"></int>
           <string role="key" value="exe.engine.field.TextAreaField.persistenceVersion"></string>
           <int value="3"></int>
           <string role="key" value="htmlTag"></string>
           <string value="div"></string>
           <string role="key" value="images"></string>
           <instance class="exe.engine.galleryidevice.GalleryImages">
            <dictionary>
             <string role="key" value=".listitems"></string>
             <list>
              <instance class="exe.engine.galleryidevice.GalleryImage">
               <dictionary>
                <string role="key" value="_caption"></string>
                <instance class="exe.engine.field.TextField">
                 <dictionary>
                  <string role="key" value="_id"></string>
                  <int value="159"></int>
                  <string role="key" value="_idevice"></string>
                  <none></none>
                  <string role="key" value="_instruc"></string>
                  <string value=""></string>
                  <string role="key" value="_name"></string>
                  <string value=""></string>
                  <string role="key" value="content"></string>
                  <string value=""></string>
                  <string role="key" value="exe.engine.field.Field.persistenceVersion"></string>
                  <int value="4"></int>
                 </dictionary>
                </instance>
                <string role="key" value="_id"></string>
                <unicode value="7_44_2.3"></unicode>
                <string role="key" value="_imageResource"></string>
                <instance class="exe.engine.resource.Resource" reference="9">
                 <dictionary>
                  <string role="key" value="_idevice"></string>
                  <reference key="7"></reference>
                  <string role="key" value="_package"></string>
                  <reference key="1"></reference>
                  <string role="key" value="_storageName"></string>
                  <string value="sdasds.jpg"></string>
                  <string role="key" value="_userName"></string>
                  <string value="/var/folders/pr/5rq_93s51qv4p_h5vmg608p40000gn/T/tmpSr1THr/sdasds.jpg"></string>
                  <string role="key" value="checksum"></string>
                  <string value="31d918827fabca8df657955aa66dcd30"></string>
                  <string role="key" value="exe.engine.resource.Resource.persistenceVersion"></string>
                  <int value="2"></int>
                  <string role="key" value="exe.engine.resource._Resource.persistenceVersion"></string>
                  <int value="2"></int>
                 </dictionary>
                </instance>
                <string role="key" value="_parent"></string>
                <reference key="8"></reference>
                <string role="key" value="_thumbnailResource"></string>
                <none></none>
                <string role="key" value="exe.engine.galleryidevice.GalleryImage.persistenceVersion"></string>
                <int value="3"></int>
                <string role="key" value="makeThumbnail"></string>
                <bool value="0"></bool>
               </dictionary>
              </instance>
             </list>
             <string role="key" value="idevice"></string>
             <reference key="8"></reference>
            </dictionary>
           </instance>
           <string role="key" value="intlinks_to_anchors"></string>
           <dictionary></dictionary>
           <string role="key" value="nextImageId"></string>
           <int value="4"></int>
           <string role="key" value="parentNode"></string>
           <reference key="4"></reference>
          </dictionary>
         </instance>
        </list>
        <string role="key" value="icon"></string>
        <unicode value="activity"></unicode>
        <string role="key" value="id"></string>
        <unicode value="7"></unicode>
        <string role="key" value="lastIdevice"></string>
        <bool value="0"></bool>
        <string role="key" value="nextFieldId"></string>
        <int value="3"></int>
        <string role="key" value="originalicon"></string>
        <unicode value="activity"></unicode>
        <string role="key" value="parentNode"></string>
        <reference key="4"></reference>
        <string role="key" value="systemResources"></string>
        <list>
         <string value="common.js"></string>
        </list>
        <string role="key" value="undo"></string>
        <bool value="1"></bool>
        <string role="key" value="userResources"></string>
        <list>
         <reference key="9"></reference>
        </list>
        <string role="key" value="version"></string>
        <int value="0"></int>
       </dictionary>
      </instance>
      <instance class="exe.engine.genericidevice.GenericIdevice" reference="10">
       <dictionary>
        <string role="key" value="_title"></string>
        <unicode value="ShapeShifter"></unicode>
        <string role="key" value="_author"></string>
        <unicode value="University of Auckland"></unicode>
        <string role="key" value="_purpose"></string>
        <unicode value="An activity can be defined as a task or set of tasks a learner must
complete. Provide a clear statement of the task and consider any conditions
that may help or hinder the learner in the performance of the task."></unicode>
        <string role="key" value="_tip"></string>
        <unicode value=""></unicode>
        <string role="key" value="class_"></string>
        <unicode value="activity"></unicode>
        <string role="key" value="edit"></string>
        <bool value="0"></bool>
        <string role="key" value="emphasis"></string>
        <int value="1"></int>
        <string role="key" value="exe.engine.genericidevice.GenericIdevice.persistenceVersion"></string>
        <int value="11"></int>
        <string role="key" value="fields"></string>
        <list>
         <instance class="exe.engine.field.TextAreaField" reference="11">
          <dictionary>
           <string role="key" value="_id"></string>
           <unicode value="41_2"></unicode>
           <string role="key" value="_idevice"></string>
           <reference key="10"></reference>
           <string role="key" value="_instruc"></string>
           <unicode value="Describe the tasks the learners should complete."></unicode>
           <string role="key" value="_name"></string>
           <unicode value="Activity"></unicode>
           <string role="key" value="anchor_names"></string>
           <list></list>
           <string role="key" value="anchors_linked_from_fields"></string>
           <dictionary></dictionary>
           <string role="key" value="content_w_resourcePaths"></string>
           <unicode content="true" value="&lt;p&gt;ShapeShifter es un nuevo tipo objetos que posee una estructura del tipo arbórea. Estos objetos deben poder componerse, detectar la mayor profundidad y “achatarse”. En esta primera etapa es necesario que simplemente trabajen con Integer. Como la idea es un tanto difusa, se provee una interfaz java y una serie de descripciones con ejemplos de cada una de las funcionalidades necesarias.&lt;/p&gt;
&lt;blockquote&gt;
&lt;p&gt;&lt;span style=&quot;font-family: courier new,courier,monospace;&quot;&gt;public interface &lt;strong&gt;IShapeShifte&lt;/strong&gt;{        &lt;/span&gt;&lt;br /&gt;&lt;span style=&quot;font-family: courier new,courier,monospace;&quot;&gt;     public IShapeShifter &lt;strong&gt;compose&lt;/strong&gt;(IShapeShifter);        &lt;/span&gt;&lt;br /&gt;&lt;span style=&quot;font-family: courier new,courier,monospace;&quot;&gt;     public int &lt;strong&gt;deepest&lt;/strong&gt;();        &lt;/span&gt;&lt;br /&gt;&lt;span style=&quot;font-family: courier new,courier,monospace;&quot;&gt;     public IShapeShifter &lt;strong&gt;flat&lt;/strong&gt;();        &lt;/span&gt;&lt;br /&gt;&lt;span style=&quot;font-family: courier new,courier,monospace;&quot;&gt;     public List&amp;lt;Integer&amp;gt; &lt;strong&gt;values&lt;/strong&gt;();        &lt;/span&gt;&lt;br /&gt;&lt;span style=&quot;font-family: courier new,courier,monospace;&quot;&gt;}        &lt;/span&gt;&lt;/p&gt;
&lt;/blockquote&gt;
&lt;p&gt;Se espera que la clase que implemente la interfaz cumpla con:&lt;/p&gt;
&lt;ul&gt;
&lt;li&gt;public IShapeShifter &lt;strong&gt;compose&lt;/strong&gt;(IShapeShifter);
&lt;ul&gt;
&lt;li&gt;recibe un IShapeShifter y retorna un nuevo IShapeShifter que es el resultado de componer al receptor con el que es enviado como parámetro.&lt;/li&gt;
&lt;li&gt;La composición se realiza al mismo nivel de profundidad.&lt;/li&gt;
&lt;li&gt;En la &lt;strong&gt;Figura 1&lt;/strong&gt; se muestran esquemas de IShapeShifter, cada letra sibolizaria un nombre de variable. Entonces las siguientes expresiones deberían ser verdaderas:
&lt;ul&gt;
&lt;li&gt;a.compose(b) es igual a c&lt;/li&gt;
&lt;li&gt;d.compose(c) es igual a d&lt;/li&gt;
&lt;li&gt;d.compose(e) es igual a f&lt;/li&gt;
&lt;/ul&gt;
&lt;/li&gt;
&lt;/ul&gt;
&lt;/li&gt;
&lt;li&gt;public int &lt;strong&gt;deepest&lt;/strong&gt;(IShapeShifter)
&lt;ul&gt;
&lt;li&gt;Retorna un numero que representa la profundidad máxima alcanzada en composiciones que contiene.&lt;/li&gt;
&lt;li&gt;Continuando con las figuras de ejemplo, las siguienes expresiones deben ser validas:
&lt;ul&gt;
&lt;li&gt;a.deepest() es igual a 0.&lt;/li&gt;
&lt;li&gt;c.deepest() es igual a 1.&lt;/li&gt;
&lt;li&gt;f.deepest() es igual a 3.&lt;/li&gt;
&lt;/ul&gt;
&lt;/li&gt;
&lt;/ul&gt;
&lt;/li&gt;
&lt;li&gt;public IShapeShifter &lt;strong&gt;flat&lt;/strong&gt;() Achata un IShapeShifter.
&lt;ul&gt;
&lt;li&gt;Si el IShapeShifter posee una prfundidad maxima &amp;gt;= 1, entonces retorna un IShapeShifter de profundidad maxima 1 con todos los IShapeShifter de profundidad 0 contenidos. En cualquier otro caso, retorna el mismo IShapeShifter.&lt;/li&gt;
&lt;li&gt;Siguiendo los siguientes ejemplos:
&lt;ul&gt;
&lt;li&gt;a.flat() es igual a a.&lt;/li&gt;
&lt;li&gt;f.flat() es igual a g.&lt;/li&gt;
&lt;/ul&gt;
&lt;/li&gt;
&lt;li&gt;Importante: No es necesario establecer un orden particular de los IShapeShifter en los resultantes.&lt;/li&gt;
&lt;/ul&gt;
&lt;/li&gt;
&lt;li&gt;public List&amp;lt;Integer&amp;gt; &lt;strong&gt;values&lt;/strong&gt;()
&lt;ul&gt;
&lt;li&gt;Retorna una lista de enteros con los valores incluidos en el IShapeShifter.&lt;/li&gt;
&lt;li&gt;Siguiendo el ejemplo:
&lt;ul&gt;
&lt;li&gt;a.values retorna una lista con el entero 1.&lt;/li&gt;
&lt;li&gt;d.values retorna una lista con los enteros 3,1 y 2.&lt;/li&gt;
&lt;/ul&gt;
&lt;/li&gt;
&lt;li style=&quot;text-align: left;&quot;&gt;Importante: No es necesario establecer un orden particular de los enteros en la lista.&lt;/li&gt;
&lt;/ul&gt;
&lt;/li&gt;
&lt;/ul&gt;
&lt;p&gt;&lt;/p&gt;
&lt;p style=&quot;text-align: center;&quot;&gt;&lt;img src=&quot;resources/sdasdsasad.png&quot; alt=&quot;&quot; style=&quot;display: block; margin-left: auto; margin-right: auto;&quot; width=&quot;312&quot; height=&quot;290&quot; /&gt;&lt;strong&gt;Figura 1&lt;/strong&gt;. Ejemplos&lt;/p&gt;
&lt;p&gt;&lt;strong&gt;Ejercicios&lt;/strong&gt;:&lt;/p&gt;
&lt;p style=&quot;padding-left: 30px;&quot;&gt;1. Realizar un diagrama de clases UML donde muestre un diseño orientado a objetos que resuelva el problema aplicando el patrón Composite.&lt;/p&gt;
&lt;p style=&quot;padding-left: 30px;&quot;&gt;2. Indicar en el diseño cuales son los roles del patrón.&lt;/p&gt;
&lt;p style=&quot;padding-left: 30px;&quot;&gt;3. Implementar en java todo lo necesario para resolver la funcionalidad de la interface con clases que la implementen&lt;/p&gt;
&lt;p style=&quot;padding-left: 30px;&quot;&gt;4. Escribir un método en el cual muestre como se instancia el ejemplo a y c.&lt;/p&gt;
&lt;p&gt;&lt;/p&gt;"></unicode>
           <string role="key" value="exe.engine.field.Field.persistenceVersion"></string>
           <int value="4"></int>
           <string role="key" value="exe.engine.field.FieldWithResources.persistenceVersion"></string>
           <int value="2"></int>
           <string role="key" value="exe.engine.field.TextAreaField.persistenceVersion"></string>
           <int value="3"></int>
           <string role="key" value="htmlTag"></string>
           <string value="div"></string>
           <string role="key" value="images"></string>
           <instance class="exe.engine.galleryidevice.GalleryImages">
            <dictionary>
             <string role="key" value=".listitems"></string>
             <list>
              <instance class="exe.engine.galleryidevice.GalleryImage">
               <dictionary>
                <string role="key" value="_caption"></string>
                <instance class="exe.engine.field.TextField">
                 <dictionary>
                  <string role="key" value="_id"></string>
                  <int value="160"></int>
                  <string role="key" value="_idevice"></string>
                  <none></none>
                  <string role="key" value="_instruc"></string>
                  <string value=""></string>
                  <string role="key" value="_name"></string>
                  <string value=""></string>
                  <string role="key" value="content"></string>
                  <string value=""></string>
                  <string role="key" value="exe.engine.field.Field.persistenceVersion"></string>
                  <int value="4"></int>
                 </dictionary>
                </instance>
                <string role="key" value="_id"></string>
                <unicode value="8_41_2.1"></unicode>
                <string role="key" value="_imageResource"></string>
                <instance class="exe.engine.resource.Resource" reference="12">
                 <dictionary>
                  <string role="key" value="_idevice"></string>
                  <reference key="10"></reference>
                  <string role="key" value="_package"></string>
                  <reference key="1"></reference>
                  <string role="key" value="_storageName"></string>
                  <string value="sdasdsasad.png"></string>
                  <string role="key" value="_userName"></string>
                  <string value="/var/folders/pr/5rq_93s51qv4p_h5vmg608p40000gn/T/tmpSr1THr/sdasdsasad.png"></string>
                  <string role="key" value="checksum"></string>
                  <string value="531cddbb86f0626605339b88707eb462"></string>
                  <string role="key" value="exe.engine.resource.Resource.persistenceVersion"></string>
                  <int value="2"></int>
                  <string role="key" value="exe.engine.resource._Resource.persistenceVersion"></string>
                  <int value="2"></int>
                 </dictionary>
                </instance>
                <string role="key" value="_parent"></string>
                <reference key="11"></reference>
                <string role="key" value="_thumbnailResource"></string>
                <none></none>
                <string role="key" value="exe.engine.galleryidevice.GalleryImage.persistenceVersion"></string>
                <int value="3"></int>
                <string role="key" value="makeThumbnail"></string>
                <bool value="0"></bool>
               </dictionary>
              </instance>
             </list>
             <string role="key" value="idevice"></string>
             <reference key="11"></reference>
            </dictionary>
           </instance>
           <string role="key" value="intlinks_to_anchors"></string>
           <dictionary></dictionary>
           <string role="key" value="nextImageId"></string>
           <int value="2"></int>
           <string role="key" value="parentNode"></string>
           <reference key="4"></reference>
          </dictionary>
         </instance>
        </list>
        <string role="key" value="icon"></string>
        <unicode value="activity"></unicode>
        <string role="key" value="id"></string>
        <unicode value="8"></unicode>
        <string role="key" value="lastIdevice"></string>
        <bool value="0"></bool>
        <string role="key" value="nextFieldId"></string>
        <int value="3"></int>
        <string role="key" value="originalicon"></string>
        <unicode value="activity"></unicode>
        <string role="key" value="parentNode"></string>
        <reference key="4"></reference>
        <string role="key" value="systemResources"></string>
        <list>
         <string value="common.js"></string>
        </list>
        <string role="key" value="undo"></string>
        <bool value="1"></bool>
        <string role="key" value="userResources"></string>
        <list>
         <reference key="12"></reference>
        </list>
        <string role="key" value="version"></string>
        <int value="0"></int>
       </dictionary>
      </instance>
     </list>
     <string role="key" value="_id"></string>
     <unicode value="0"></unicode>
     <string role="key" value="_package"></string>
     <reference key="1"></reference>
     <string role="key" value="anchor_fields"></string>
     <list></list>
     <string role="key" value="exe.engine.node.Node.persistenceVersion"></string>
     <int value="2"></int>
     <string role="key" value="exportType"></string>
     <string value="website"></string>
     <string role="key" value="last_full_node_path"></string>
     <string value="exe-node:Trabajo%20Pr%C3%A1ctico%20State%20y%20Strategy"></string>
     <string role="key" value="parent"></string>
     <none></none>
     <string role="key" value="top_anchors_linked_from_fields"></string>
     <list></list>
     <string role="key" value="children"></string>
     <list></list>
    </dictionary>
   </instance>
  </dictionary>
  <string role="key" value="_objectives"></string>
  <unicode value="Comprender las diferencias, ventajas y desventajas del uso de clases abstractas e interfaces en Java; tanto a nivel de diseño como implementativo."></unicode>
  <string role="key" value="_preknowledge"></string>
  <unicode value=""></unicode>
  <string role="key" value="backgroundImgTile"></string>
  <bool value="0"></bool>
  <string role="key" value="compatibleWithVersion9"></string>
  <bool value="0"></bool>
  <string role="key" value="currentNode"></string>
  <reference key="4"></reference>
  <string role="key" value="dublinCore"></string>
  <instance class="exe.engine.package.DublinCore">
   <dictionary>
    <string role="key" value="contributors"></string>
    <unicode value=""></unicode>
    <string role="key" value="coverage"></string>
    <unicode value=""></unicode>
    <string role="key" value="creator"></string>
    <unicode value="Diego Cano, Gabriel Maljkovich"></unicode>
    <string role="key" value="date"></string>
    <unicode value=""></unicode>
    <string role="key" value="description"></string>
    <unicode value=""></unicode>
    <string role="key" value="format"></string>
    <unicode value=""></unicode>
    <string role="key" value="identifier"></string>
    <unicode value="59a64f29-36d1-4038-b48a-9bb52b1b5d31"></unicode>
    <string role="key" value="language"></string>
    <unicode value="es"></unicode>
    <string role="key" value="publisher"></string>
    <unicode value=""></unicode>
    <string role="key" value="relation"></string>
    <unicode value=""></unicode>
    <string role="key" value="rights"></string>
    <unicode value=""></unicode>
    <string role="key" value="source"></string>
    <unicode value=""></unicode>
    <string role="key" value="subject"></string>
    <unicode value=""></unicode>
    <string role="key" value="title"></string>
    <unicode value="Trabajo Práctico 4 – Clases Abstractas vs. Interfaces"></unicode>
    <string role="key" value="type"></string>
    <unicode value=""></unicode>
   </dictionary>
  </instance>
  <string role="key" value="exe.engine.package.Package.persistenceVersion"></string>
  <int value="13"></int>
  <string role="key" value="exportMetadataType"></string>
  <string value="LOMES"></string>
  <string role="key" value="exportSource"></string>
  <bool value="1"></bool>
  <string role="key" value="footer"></string>
  <unicode value=""></unicode>
  <string role="key" value="license"></string>
  <unicode value="creative commons: attribution - share alike 4.0"></unicode>
  <string role="key" value="lom"></string>
  <instance class="exe.engine.lom.lomsubs.lomSub">
   <dictionary>
    <string role="key" value="__index__"></string>
    <dictionary></dictionary>
    <string role="key" value="__oldchild__"></string>
    <none></none>
    <string role="key" value="annotation"></string>
    <list></list>
    <string role="key" value="classification"></string>
    <list></list>
    <string role="key" value="educational"></string>
    <list>
     <instance class="exe.engine.lom.lomsubs.educationalSub">
      <dictionary>
       <string role="key" value="cognitiveProcess"></string>
       <list></list>
       <string role="key" value="context"></string>
       <list>
        <instance class="exe.engine.lom.lomsubs.contextSub">
         <dictionary>
          <string role="key" value="extensiontype_"></string>
          <none></none>
          <string role="key" value="source"></string>
          <instance class="exe.engine.lom.lomsubs.sourceValueSub">
           <dictionary>
            <string role="key" value="extensiontype_"></string>
            <none></none>
            <string role="key" value="string"></string>
            <list></list>
            <string role="key" value="uniqueElementName"></string>
            <string value="source"></string>
            <string role="key" value="valueOf_"></string>
            <string value="LOMv1.0"></string>
           </dictionary>
          </instance>
          <string role="key" value="value"></string>
          <instance class="exe.engine.lom.lomsubs.contextValueSub">
           <dictionary>
            <string role="key" value="extensiontype_"></string>
            <none></none>
            <string role="key" value="source"></string>
            <none></none>
            <string role="key" value="uniqueElementName"></string>
            <string value="value"></string>
            <string role="key" value="value"></string>
            <none></none>
            <string role="key" value="valueOf_"></string>
            <string value="other"></string>
           </dictionary>
          </instance>
         </dictionary>
        </instance>
        <instance class="exe.engine.lom.lomsubs.contextSub">
         <dictionary>
          <string role="key" value="extensiontype_"></string>
          <none></none>
          <string role="key" value="source"></string>
          <instance class="exe.engine.lom.lomsubs.sourceValueSub">
           <dictionary>
            <string role="key" value="extensiontype_"></string>
            <none></none>
            <string role="key" value="string"></string>
            <list></list>
            <string role="key" value="uniqueElementName"></string>
            <string value="source"></string>
            <string role="key" value="valueOf_"></string>
            <string value="LOMv1.0"></string>
           </dictionary>
          </instance>
          <string role="key" value="value"></string>
          <instance class="exe.engine.lom.lomsubs.contextValueSub">
           <dictionary>
            <string role="key" value="extensiontype_"></string>
            <none></none>
            <string role="key" value="source"></string>
            <none></none>
            <string role="key" value="uniqueElementName"></string>
            <string value="value"></string>
            <string role="key" value="value"></string>
            <none></none>
            <string role="key" value="valueOf_"></string>
            <string value="school"></string>
           </dictionary>
          </instance>
         </dictionary>
        </instance>
       </list>
       <string role="key" value="description"></string>
       <list>
        <instance class="exe.engine.lom.lomsubs.descriptionSub">
         <dictionary>
          <string role="key" value="extensiontype_"></string>
          <none></none>
          <string role="key" value="string"></string>
          <list>
           <instance class="exe.engine.lom.lomsubs.LangStringSub">
            <dictionary>
             <string role="key" value="language"></string>
             <string value="es"></string>
             <string role="key" value="valueOf_"></string>
             <unicode value="OBJETIVOS: Comprender las diferencias, ventajas y desventajas del uso de clases abstractas e interfaces en Java; tanto a nivel de diseño como implementativo."></unicode>
            </dictionary>
           </instance>
          </list>
         </dictionary>
        </instance>
       </list>
       <string role="key" value="difficulty"></string>
       <none></none>
       <string role="key" value="intendedEndUserRole"></string>
       <list>
        <instance class="exe.engine.lom.lomsubs.intendedEndUserRoleSub">
         <dictionary>
          <string role="key" value="extensiontype_"></string>
          <none></none>
          <string role="key" value="source"></string>
          <instance class="exe.engine.lom.lomsubs.sourceValueSub">
           <dictionary>
            <string role="key" value="extensiontype_"></string>
            <none></none>
            <string role="key" value="string"></string>
            <list></list>
            <string role="key" value="uniqueElementName"></string>
            <string value="source"></string>
            <string role="key" value="valueOf_"></string>
            <string value="LOMv1.0"></string>
           </dictionary>
          </instance>
          <string role="key" value="value"></string>
          <instance class="exe.engine.lom.lomsubs.intendedEndUserRoleValueSub">
           <dictionary>
            <string role="key" value="extensiontype_"></string>
            <none></none>
            <string role="key" value="source"></string>
            <none></none>
            <string role="key" value="uniqueElementName"></string>
            <string value="value"></string>
            <string role="key" value="value"></string>
            <none></none>
            <string role="key" value="valueOf_"></string>
            <string value="learner"></string>
           </dictionary>
          </instance>
         </dictionary>
        </instance>
       </list>
       <string role="key" value="interactivityLevel"></string>
       <none></none>
       <string role="key" value="interactivityType"></string>
       <none></none>
       <string role="key" value="language"></string>
       <list>
        <instance class="exe.engine.lom.lomsubs.LanguageIdSub">
         <dictionary>
          <string role="key" value="extensiontype_"></string>
          <none></none>
          <string role="key" value="valueOf_"></string>
          <string value="es"></string>
         </dictionary>
        </instance>
       </list>
       <string role="key" value="learningResourceType"></string>
       <list></list>
       <string role="key" value="semanticDensity"></string>
       <none></none>
       <string role="key" value="typicalAgeRange"></string>
       <list></list>
       <string role="key" value="typicalLearningTime"></string>
       <none></none>
      </dictionary>
     </instance>
    </list>
    <string role="key" value="general"></string>
    <instance class="exe.engine.lom.lomsubs.generalSub">
     <dictionary>
      <string role="key" value="aggregationLevel"></string>
      <instance class="exe.engine.lom.lomsubs.aggregationLevelSub">
       <dictionary>
        <string role="key" value="extensiontype_"></string>
        <none></none>
        <string role="key" value="source"></string>
        <instance class="exe.engine.lom.lomsubs.sourceValueSub">
         <dictionary>
          <string role="key" value="extensiontype_"></string>
          <none></none>
          <string role="key" value="string"></string>
          <list></list>
          <string role="key" value="uniqueElementName"></string>
          <string value="source"></string>
          <string role="key" value="valueOf_"></string>
          <string value="LOMv1.0"></string>
         </dictionary>
        </instance>
        <string role="key" value="uniqueElementName"></string>
        <string value="aggregationLevel"></string>
        <string role="key" value="value"></string>
        <instance class="exe.engine.lom.lomsubs.aggregationLevelValueSub">
         <dictionary>
          <string role="key" value="extensiontype_"></string>
          <none></none>
          <string role="key" value="source"></string>
          <none></none>
          <string role="key" value="uniqueElementName"></string>
          <string value="value"></string>
          <string role="key" value="value"></string>
          <none></none>
          <string role="key" value="valueOf_"></string>
          <string value="2"></string>
         </dictionary>
        </instance>
       </dictionary>
      </instance>
      <string role="key" value="coverage"></string>
      <list></list>
      <string role="key" value="description"></string>
      <list></list>
      <string role="key" value="identifier"></string>
      <list>
       <instance class="exe.engine.lom.lomsubs.identifierSub">
        <dictionary>
         <string role="key" value="catalog"></string>
         <instance class="exe.engine.lom.lomsubs.catalogSub">
          <dictionary>
           <string role="key" value="uniqueElementName"></string>
           <string value="catalog"></string>
           <string role="key" value="valueOf_"></string>
           <unicode value="Mi catálogo"></unicode>
          </dictionary>
         </instance>
         <string role="key" value="entry"></string>
         <instance class="exe.engine.lom.lomsubs.entrySub">
          <dictionary>
           <string role="key" value="uniqueElementName"></string>
           <string value="entry"></string>
           <string role="key" value="valueOf_"></string>
           <unicode value="59a64f29-36d1-4038-b48a-9bb52b1b5d31"></unicode>
          </dictionary>
         </instance>
        </dictionary>
       </instance>
      </list>
      <string role="key" value="keyword"></string>
      <list></list>
      <string role="key" value="language"></string>
      <list>
       <instance class="exe.engine.lom.lomsubs.LanguageIdSub">
        <dictionary>
         <string role="key" value="extensiontype_"></string>
         <none></none>
         <string role="key" value="valueOf_"></string>
         <string value="es"></string>
        </dictionary>
       </instance>
      </list>
      <string role="key" value="structure"></string>
      <none></none>
      <string role="key" value="title"></string>
      <instance class="exe.engine.lom.lomsubs.titleSub">
       <dictionary>
        <string role="key" value="extensiontype_"></string>
        <none></none>
        <string role="key" value="string"></string>
        <list>
         <instance class="exe.engine.lom.lomsubs.LangStringSub">
          <dictionary>
           <string role="key" value="language"></string>
           <string value="es"></string>
           <string role="key" value="valueOf_"></string>
           <string value="Trabajo Pr\xc3\xa1ctico 4 \xe2\x80\x93 Clases Abstractas vs. Interfaces"></string>
          </dictionary>
         </instance>
        </list>
        <string role="key" value="uniqueElementName"></string>
        <none></none>
       </dictionary>
      </instance>
      <string role="key" value="uniqueElementName"></string>
      <string value="general"></string>
     </dictionary>
    </instance>
    <string role="key" value="lifeCycle"></string>
    <instance class="exe.engine.lom.lomsubs.lifeCycleSub">
     <dictionary>
      <string role="key" value="contribute"></string>
      <list>
       <instance class="exe.engine.lom.lomsubs.contributeSub">
        <dictionary>
         <string role="key" value="date"></string>
         <instance class="exe.engine.lom.lomsubs.dateSub">
          <dictionary>
           <string role="key" value="dateTime"></string>
           <instance class="exe.engine.lom.lomsubs.DateTimeValueSub">
            <dictionary>
             <string role="key" value="uniqueElementName"></string>
             <string value="dateTime"></string>
             <string role="key" value="valueOf_"></string>
             <string value="2016-09-16T12:06:06.00-03:00"></string>
            </dictionary>
           </instance>
           <string role="key" value="description"></string>
           <instance class="exe.engine.lom.lomsubs.LanguageStringSub">
            <dictionary>
             <string role="key" value="extensiontype_"></string>
             <none></none>
             <string role="key" value="string"></string>
             <list>
              <instance class="exe.engine.lom.lomsubs.LangStringSub">
               <dictionary>
                <string role="key" value="language"></string>
                <string value="es"></string>
                <string role="key" value="valueOf_"></string>
                <string value="Fecha de creaci\xc3\xb3n de los metadatos"></string>
               </dictionary>
              </instance>
             </list>
            </dictionary>
           </instance>
           <string role="key" value="extensiontype_"></string>
           <none></none>
           <string role="key" value="uniqueElementName"></string>
           <none></none>
           <string role="key" value="valueOf_"></string>
           <none></none>
          </dictionary>
         </instance>
         <string role="key" value="entity"></string>
         <list>
          <instance class="exe.engine.lom.lomsubs.entitySub">
           <dictionary>
            <string role="key" value="extensiontype_"></string>
            <none></none>
            <string role="key" value="valueOf_"></string>
            <string value="BEGIN:VCARD VERSION:3.0 FN:Diego Cano, Gabriel Maljkovich EMAIL;TYPE=INTERNET: ORG: END:VCARD"></string>
           </dictionary>
          </instance>
         </list>
         <string role="key" value="role"></string>
         <instance class="exe.engine.lom.lomsubs.roleSub">
          <dictionary>
           <string role="key" value="extensiontype_"></string>
           <none></none>
           <string role="key" value="source"></string>
           <instance class="exe.engine.lom.lomsubs.sourceValueSub">
            <dictionary>
             <string role="key" value="extensiontype_"></string>
             <none></none>
             <string role="key" value="string"></string>
             <list></list>
             <string role="key" value="uniqueElementName"></string>
             <string value="source"></string>
             <string role="key" value="valueOf_"></string>
             <string value="LOMv1.0"></string>
            </dictionary>
           </instance>
           <string role="key" value="uniqueElementName"></string>
           <string value="role"></string>
           <string role="key" value="value"></string>
           <instance class="exe.engine.lom.lomsubs.roleValueSub">
            <dictionary>
             <string role="key" value="extensiontype_"></string>
             <none></none>
             <string role="key" value="source"></string>
             <none></none>
             <string role="key" value="uniqueElementName"></string>
             <string value="value"></string>
             <string role="key" value="value"></string>
             <none></none>
             <string role="key" value="valueOf_"></string>
             <string value="author"></string>
            </dictionary>
           </instance>
          </dictionary>
         </instance>
        </dictionary>
       </instance>
      </list>
      <string role="key" value="status"></string>
      <none></none>
      <string role="key" value="uniqueElementName"></string>
      <none></none>
      <string role="key" value="version"></string>
      <none></none>
     </dictionary>
    </instance>
    <string role="key" value="metaMetadata"></string>
    <instance class="exe.engine.lom.lomsubs.metaMetadataSub">
     <dictionary>
      <string role="key" value="contribute"></string>
      <list>
       <instance class="exe.engine.lom.lomsubs.contributeMetaSub">
        <dictionary>
         <string role="key" value="date"></string>
         <instance class="exe.engine.lom.lomsubs.dateSub">
          <dictionary>
           <string role="key" value="dateTime"></string>
           <instance class="exe.engine.lom.lomsubs.DateTimeValueSub">
            <dictionary>
             <string role="key" value="uniqueElementName"></string>
             <string value="dateTime"></string>
             <string role="key" value="valueOf_"></string>
             <string value="2016-09-16T11:32:03.00-03:00"></string>
            </dictionary>
           </instance>
           <string role="key" value="description"></string>
           <instance class="exe.engine.lom.lomsubs.LanguageStringSub">
            <dictionary>
             <string role="key" value="extensiontype_"></string>
             <none></none>
             <string role="key" value="string"></string>
             <list>
              <instance class="exe.engine.lom.lomsubs.LangStringSub">
               <dictionary>
                <string role="key" value="language"></string>
                <string value="es"></string>
                <string role="key" value="valueOf_"></string>
                <string value="Fecha de creaci\xc3\xb3n de los metadatos"></string>
               </dictionary>
              </instance>
             </list>
            </dictionary>
           </instance>
           <string role="key" value="extensiontype_"></string>
           <none></none>
           <string role="key" value="uniqueElementName"></string>
           <none></none>
           <string role="key" value="valueOf_"></string>
           <none></none>
          </dictionary>
         </instance>
         <string role="key" value="entity"></string>
         <list>
          <instance class="exe.engine.lom.lomsubs.entitySub">
           <dictionary>
            <string role="key" value="extensiontype_"></string>
            <none></none>
            <string role="key" value="valueOf_"></string>
            <string value="BEGIN:VCARD VERSION:3.0 FN:Diego Cano, Gabriel Maljkovich EMAIL;TYPE=INTERNET: ORG: END:VCARD"></string>
           </dictionary>
          </instance>
         </list>
         <string role="key" value="role"></string>
         <instance class="exe.engine.lom.lomsubs.roleSub">
          <dictionary>
           <string role="key" value="extensiontype_"></string>
           <none></none>
           <string role="key" value="source"></string>
           <instance class="exe.engine.lom.lomsubs.sourceValueSub">
            <dictionary>
             <string role="key" value="extensiontype_"></string>
             <none></none>
             <string role="key" value="string"></string>
             <list></list>
             <string role="key" value="uniqueElementName"></string>
             <string value="source"></string>
             <string role="key" value="valueOf_"></string>
             <string value="LOMv1.0"></string>
            </dictionary>
           </instance>
           <string role="key" value="uniqueElementName"></string>
           <string value="role"></string>
           <string role="key" value="value"></string>
           <instance class="exe.engine.lom.lomsubs.roleValueSub">
            <dictionary>
             <string role="key" value="extensiontype_"></string>
             <none></none>
             <string role="key" value="source"></string>
             <none></none>
             <string role="key" value="uniqueElementName"></string>
             <string value="value"></string>
             <string role="key" value="value"></string>
             <none></none>
             <string role="key" value="valueOf_"></string>
             <string value="creator"></string>
            </dictionary>
           </instance>
          </dictionary>
         </instance>
        </dictionary>
       </instance>
      </list>
      <string role="key" value="identifier"></string>
      <list></list>
      <string role="key" value="language"></string>
      <instance class="exe.engine.lom.lomsubs.LanguageIdSub">
       <dictionary>
        <string role="key" value="extensiontype_"></string>
        <none></none>
        <string role="key" value="valueOf_"></string>
        <string value="es"></string>
       </dictionary>
      </instance>
      <string role="key" value="metadataSchema"></string>
      <list>
       <instance class="exe.engine.lom.lomsubs.metadataSchemaSub">
        <dictionary>
         <string role="key" value="valueOf_"></string>
         <string value="LOMv1.0"></string>
        </dictionary>
       </instance>
      </list>
      <string role="key" value="uniqueElementName"></string>
      <string value="metaMetadata"></string>
     </dictionary>
    </instance>
    <string role="key" value="relation"></string>
    <list></list>
    <string role="key" value="rights"></string>
    <instance class="exe.engine.lom.lomsubs.rightsSub">
     <dictionary>
      <string role="key" value="access"></string>
      <none></none>
      <string role="key" value="copyrightAndOtherRestrictions"></string>
      <instance class="exe.engine.lom.lomsubs.copyrightAndOtherRestrictionsSub">
       <dictionary>
        <string role="key" value="extensiontype_"></string>
        <none></none>
        <string role="key" value="source"></string>
        <instance class="exe.engine.lom.lomsubs.sourceValueSub">
         <dictionary>
          <string role="key" value="extensiontype_"></string>
          <none></none>
          <string role="key" value="string"></string>
          <list></list>
          <string role="key" value="uniqueElementName"></string>
          <string value="source"></string>
          <string role="key" value="valueOf_"></string>
          <string value="LOMv1.0"></string>
         </dictionary>
        </instance>
        <string role="key" value="uniqueElementName"></string>
        <string value="copyrightAndOtherRestrictions"></string>
        <string role="key" value="value"></string>
        <instance class="exe.engine.lom.lomsubs.copyrightAndOtherRestrictionsValueSub">
         <dictionary>
          <string role="key" value="extensiontype_"></string>
          <none></none>
          <string role="key" value="source"></string>
          <none></none>
          <string role="key" value="uniqueElementName"></string>
          <string value="value"></string>
          <string role="key" value="value"></string>
          <none></none>
          <string role="key" value="valueOf_"></string>
          <string value="yes"></string>
         </dictionary>
        </instance>
       </dictionary>
      </instance>
      <string role="key" value="cost"></string>
      <none></none>
      <string role="key" value="description"></string>
      <none></none>
      <string role="key" value="uniqueElementName"></string>
      <none></none>
     </dictionary>
    </instance>
    <string role="key" value="technical"></string>
    <none></none>
   </dictionary>
  </instance>
  <string role="key" value="lomEs"></string>
  <instance class="exe.engine.lom.lomsubs.lomSub">
   <dictionary>
    <string role="key" value="__index__"></string>
    <dictionary></dictionary>
    <string role="key" value="__oldchild__"></string>
    <none></none>
    <string role="key" value="annotation"></string>
    <list></list>
    <string role="key" value="classification"></string>
    <list></list>
    <string role="key" value="educational"></string>
    <list>
     <instance class="exe.engine.lom.lomsubs.educationalSub">
      <dictionary>
       <string role="key" value="cognitiveProcess"></string>
       <list></list>
       <string role="key" value="context"></string>
       <list>
        <instance class="exe.engine.lom.lomsubs.contextSub">
         <dictionary>
          <string role="key" value="extensiontype_"></string>
          <none></none>
          <string role="key" value="source"></string>
          <instance class="exe.engine.lom.lomsubs.sourceValueSub">
           <dictionary>
            <string role="key" value="extensiontype_"></string>
            <none></none>
            <string role="key" value="string"></string>
            <list></list>
            <string role="key" value="uniqueElementName"></string>
            <string value="source"></string>
            <string role="key" value="valueOf_"></string>
            <string value="LOM-ESv1.0"></string>
           </dictionary>
          </instance>
          <string role="key" value="value"></string>
          <instance class="exe.engine.lom.lomsubs.contextValueSub">
           <dictionary>
            <string role="key" value="extensiontype_"></string>
            <none></none>
            <string role="key" value="source"></string>
            <none></none>
            <string role="key" value="uniqueElementName"></string>
            <string value="value"></string>
            <string role="key" value="value"></string>
            <none></none>
            <string role="key" value="valueOf_"></string>
            <string value="presencial"></string>
           </dictionary>
          </instance>
         </dictionary>
        </instance>
        <instance class="exe.engine.lom.lomsubs.contextSub">
         <dictionary>
          <string role="key" value="extensiontype_"></string>
          <none></none>
          <string role="key" value="source"></string>
          <instance class="exe.engine.lom.lomsubs.sourceValueSub">
           <dictionary>
            <string role="key" value="extensiontype_"></string>
            <none></none>
            <string role="key" value="string"></string>
            <list></list>
            <string role="key" value="uniqueElementName"></string>
            <string value="source"></string>
            <string role="key" value="valueOf_"></string>
            <string value="LOM-ESv1.0"></string>
           </dictionary>
          </instance>
          <string role="key" value="value"></string>
          <instance class="exe.engine.lom.lomsubs.contextValueSub">
           <dictionary>
            <string role="key" value="extensiontype_"></string>
            <none></none>
            <string role="key" value="source"></string>
            <none></none>
            <string role="key" value="uniqueElementName"></string>
            <string value="value"></string>
            <string role="key" value="value"></string>
            <none></none>
            <string role="key" value="valueOf_"></string>
            <string value="classroom"></string>
           </dictionary>
          </instance>
         </dictionary>
        </instance>
       </list>
       <string role="key" value="description"></string>
       <list>
        <instance class="exe.engine.lom.lomsubs.descriptionSub">
         <dictionary>
          <string role="key" value="extensiontype_"></string>
          <none></none>
          <string role="key" value="string"></string>
          <list>
           <instance class="exe.engine.lom.lomsubs.LangStringSub">
            <dictionary>
             <string role="key" value="language"></string>
             <string value="es"></string>
             <string role="key" value="valueOf_"></string>
             <unicode value="OBJETIVOS: Comprender las diferencias, ventajas y desventajas del uso de clases abstractas e interfaces en Java; tanto a nivel de diseño como implementativo."></unicode>
            </dictionary>
           </instance>
          </list>
         </dictionary>
        </instance>
       </list>
       <string role="key" value="difficulty"></string>
       <none></none>
       <string role="key" value="intendedEndUserRole"></string>
       <list>
        <instance class="exe.engine.lom.lomsubs.intendedEndUserRoleSub">
         <dictionary>
          <string role="key" value="extensiontype_"></string>
          <none></none>
          <string role="key" value="source"></string>
          <instance class="exe.engine.lom.lomsubs.sourceValueSub">
           <dictionary>
            <string role="key" value="extensiontype_"></string>
            <none></none>
            <string role="key" value="string"></string>
            <list></list>
            <string role="key" value="uniqueElementName"></string>
            <string value="source"></string>
            <string role="key" value="valueOf_"></string>
            <string value="LOM-ESv1.0"></string>
           </dictionary>
          </instance>
          <string role="key" value="value"></string>
          <instance class="exe.engine.lom.lomsubs.intendedEndUserRoleValueSub">
           <dictionary>
            <string role="key" value="extensiontype_"></string>
            <none></none>
            <string role="key" value="source"></string>
            <none></none>
            <string role="key" value="uniqueElementName"></string>
            <string value="value"></string>
            <string role="key" value="value"></string>
            <none></none>
            <string role="key" value="valueOf_"></string>
            <string value="learner"></string>
           </dictionary>
          </instance>
         </dictionary>
        </instance>
       </list>
       <string role="key" value="interactivityLevel"></string>
       <none></none>
       <string role="key" value="interactivityType"></string>
       <none></none>
       <string role="key" value="language"></string>
       <list>
        <instance class="exe.engine.lom.lomsubs.LanguageIdSub">
         <dictionary>
          <string role="key" value="extensiontype_"></string>
          <none></none>
          <string role="key" value="valueOf_"></string>
          <string value="es"></string>
         </dictionary>
        </instance>
       </list>
       <string role="key" value="learningResourceType"></string>
       <list></list>
       <string role="key" value="semanticDensity"></string>
       <none></none>
       <string role="key" value="typicalAgeRange"></string>
       <list></list>
       <string role="key" value="typicalLearningTime"></string>
       <none></none>
      </dictionary>
     </instance>
    </list>
    <string role="key" value="general"></string>
    <instance class="exe.engine.lom.lomsubs.generalSub">
     <dictionary>
      <string role="key" value="aggregationLevel"></string>
      <instance class="exe.engine.lom.lomsubs.aggregationLevelSub">
       <dictionary>
        <string role="key" value="extensiontype_"></string>
        <none></none>
        <string role="key" value="source"></string>
        <instance class="exe.engine.lom.lomsubs.sourceValueSub">
         <dictionary>
          <string role="key" value="extensiontype_"></string>
          <none></none>
          <string role="key" value="string"></string>
          <list></list>
          <string role="key" value="uniqueElementName"></string>
          <string value="source"></string>
          <string role="key" value="valueOf_"></string>
          <string value="LOM-ESv1.0"></string>
         </dictionary>
        </instance>
        <string role="key" value="uniqueElementName"></string>
        <string value="aggregationLevel"></string>
        <string role="key" value="value"></string>
        <instance class="exe.engine.lom.lomsubs.aggregationLevelValueSub">
         <dictionary>
          <string role="key" value="extensiontype_"></string>
          <none></none>
          <string role="key" value="source"></string>
          <none></none>
          <string role="key" value="uniqueElementName"></string>
          <string value="value"></string>
          <string role="key" value="value"></string>
          <none></none>
          <string role="key" value="valueOf_"></string>
          <string value="2"></string>
         </dictionary>
        </instance>
       </dictionary>
      </instance>
      <string role="key" value="coverage"></string>
      <list></list>
      <string role="key" value="description"></string>
      <list></list>
      <string role="key" value="identifier"></string>
      <list>
       <instance class="exe.engine.lom.lomsubs.identifierSub">
        <dictionary>
         <string role="key" value="catalog"></string>
         <instance class="exe.engine.lom.lomsubs.catalogSub">
          <dictionary>
           <string role="key" value="uniqueElementName"></string>
           <string value="catalog"></string>
           <string role="key" value="valueOf_"></string>
           <unicode value="Mi catálogo"></unicode>
          </dictionary>
         </instance>
         <string role="key" value="entry"></string>
         <instance class="exe.engine.lom.lomsubs.entrySub">
          <dictionary>
           <string role="key" value="uniqueElementName"></string>
           <string value="entry"></string>
           <string role="key" value="valueOf_"></string>
           <unicode value="59a64f29-36d1-4038-b48a-9bb52b1b5d31"></unicode>
          </dictionary>
         </instance>
        </dictionary>
       </instance>
      </list>
      <string role="key" value="keyword"></string>
      <list></list>
      <string role="key" value="language"></string>
      <list>
       <instance class="exe.engine.lom.lomsubs.LanguageIdSub">
        <dictionary>
         <string role="key" value="extensiontype_"></string>
         <none></none>
         <string role="key" value="valueOf_"></string>
         <string value="es"></string>
        </dictionary>
       </instance>
      </list>
      <string role="key" value="structure"></string>
      <none></none>
      <string role="key" value="title"></string>
      <instance class="exe.engine.lom.lomsubs.titleSub">
       <dictionary>
        <string role="key" value="extensiontype_"></string>
        <none></none>
        <string role="key" value="string"></string>
        <list>
         <instance class="exe.engine.lom.lomsubs.LangStringSub">
          <dictionary>
           <string role="key" value="language"></string>
           <string value="es"></string>
           <string role="key" value="valueOf_"></string>
           <string value="Trabajo Pr\xc3\xa1ctico 4 \xe2\x80\x93 Clases Abstractas vs. Interfaces"></string>
          </dictionary>
         </instance>
        </list>
        <string role="key" value="uniqueElementName"></string>
        <none></none>
       </dictionary>
      </instance>
      <string role="key" value="uniqueElementName"></string>
      <string value="general"></string>
     </dictionary>
    </instance>
    <string role="key" value="lifeCycle"></string>
    <instance class="exe.engine.lom.lomsubs.lifeCycleSub">
     <dictionary>
      <string role="key" value="contribute"></string>
      <list>
       <instance class="exe.engine.lom.lomsubs.contributeSub">
        <dictionary>
         <string role="key" value="date"></string>
         <instance class="exe.engine.lom.lomsubs.dateSub">
          <dictionary>
           <string role="key" value="dateTime"></string>
           <instance class="exe.engine.lom.lomsubs.DateTimeValueSub">
            <dictionary>
             <string role="key" value="uniqueElementName"></string>
             <string value="dateTime"></string>
             <string role="key" value="valueOf_"></string>
             <string value="2016-09-16T12:06:06.00-03:00"></string>
            </dictionary>
           </instance>
           <string role="key" value="description"></string>
           <instance class="exe.engine.lom.lomsubs.LanguageStringSub">
            <dictionary>
             <string role="key" value="extensiontype_"></string>
             <none></none>
             <string role="key" value="string"></string>
             <list>
              <instance class="exe.engine.lom.lomsubs.LangStringSub">
               <dictionary>
                <string role="key" value="language"></string>
                <string value="es"></string>
                <string role="key" value="valueOf_"></string>
                <string value="Fecha de creaci\xc3\xb3n de los metadatos"></string>
               </dictionary>
              </instance>
             </list>
            </dictionary>
           </instance>
           <string role="key" value="extensiontype_"></string>
           <none></none>
           <string role="key" value="uniqueElementName"></string>
           <none></none>
           <string role="key" value="valueOf_"></string>
           <none></none>
          </dictionary>
         </instance>
         <string role="key" value="entity"></string>
         <list>
          <instance class="exe.engine.lom.lomsubs.entitySub">
           <dictionary>
            <string role="key" value="extensiontype_"></string>
            <none></none>
            <string role="key" value="valueOf_"></string>
            <string value="BEGIN:VCARD VERSION:3.0 FN:Diego Cano, Gabriel Maljkovich EMAIL;TYPE=INTERNET: ORG: END:VCARD"></string>
           </dictionary>
          </instance>
         </list>
         <string role="key" value="role"></string>
         <instance class="exe.engine.lom.lomsubs.roleSub">
          <dictionary>
           <string role="key" value="extensiontype_"></string>
           <none></none>
           <string role="key" value="source"></string>
           <instance class="exe.engine.lom.lomsubs.sourceValueSub">
            <dictionary>
             <string role="key" value="extensiontype_"></string>
             <none></none>
             <string role="key" value="string"></string>
             <list></list>
             <string role="key" value="uniqueElementName"></string>
             <string value="source"></string>
             <string role="key" value="valueOf_"></string>
             <string value="LOM-ESv1.0"></string>
            </dictionary>
           </instance>
           <string role="key" value="uniqueElementName"></string>
           <string value="role"></string>
           <string role="key" value="value"></string>
           <instance class="exe.engine.lom.lomsubs.roleValueSub">
            <dictionary>
             <string role="key" value="extensiontype_"></string>
             <none></none>
             <string role="key" value="source"></string>
             <none></none>
             <string role="key" value="uniqueElementName"></string>
             <string value="value"></string>
             <string role="key" value="value"></string>
             <none></none>
             <string role="key" value="valueOf_"></string>
             <string value="author"></string>
            </dictionary>
           </instance>
          </dictionary>
         </instance>
        </dictionary>
       </instance>
      </list>
      <string role="key" value="status"></string>
      <none></none>
      <string role="key" value="uniqueElementName"></string>
      <none></none>
      <string role="key" value="version"></string>
      <none></none>
     </dictionary>
    </instance>
    <string role="key" value="metaMetadata"></string>
    <instance class="exe.engine.lom.lomsubs.metaMetadataSub">
     <dictionary>
      <string role="key" value="contribute"></string>
      <list>
       <instance class="exe.engine.lom.lomsubs.contributeMetaSub">
        <dictionary>
         <string role="key" value="date"></string>
         <instance class="exe.engine.lom.lomsubs.dateSub">
          <dictionary>
           <string role="key" value="dateTime"></string>
           <instance class="exe.engine.lom.lomsubs.DateTimeValueSub">
            <dictionary>
             <string role="key" value="uniqueElementName"></string>
             <string value="dateTime"></string>
             <string role="key" value="valueOf_"></string>
             <string value="2016-09-16T11:32:03.00-03:00"></string>
            </dictionary>
           </instance>
           <string role="key" value="description"></string>
           <instance class="exe.engine.lom.lomsubs.LanguageStringSub">
            <dictionary>
             <string role="key" value="extensiontype_"></string>
             <none></none>
             <string role="key" value="string"></string>
             <list>
              <instance class="exe.engine.lom.lomsubs.LangStringSub">
               <dictionary>
                <string role="key" value="language"></string>
                <string value="es"></string>
                <string role="key" value="valueOf_"></string>
                <string value="Fecha de creaci\xc3\xb3n de los metadatos"></string>
               </dictionary>
              </instance>
             </list>
            </dictionary>
           </instance>
           <string role="key" value="extensiontype_"></string>
           <none></none>
           <string role="key" value="uniqueElementName"></string>
           <none></none>
           <string role="key" value="valueOf_"></string>
           <none></none>
          </dictionary>
         </instance>
         <string role="key" value="entity"></string>
         <list>
          <instance class="exe.engine.lom.lomsubs.entitySub">
           <dictionary>
            <string role="key" value="extensiontype_"></string>
            <none></none>
            <string role="key" value="valueOf_"></string>
            <string value="BEGIN:VCARD VERSION:3.0 FN:Diego Cano, Gabriel Maljkovich EMAIL;TYPE=INTERNET: ORG: END:VCARD"></string>
           </dictionary>
          </instance>
         </list>
         <string role="key" value="role"></string>
         <instance class="exe.engine.lom.lomsubs.roleSub">
          <dictionary>
           <string role="key" value="extensiontype_"></string>
           <none></none>
           <string role="key" value="source"></string>
           <instance class="exe.engine.lom.lomsubs.sourceValueSub">
            <dictionary>
             <string role="key" value="extensiontype_"></string>
             <none></none>
             <string role="key" value="string"></string>
             <list></list>
             <string role="key" value="uniqueElementName"></string>
             <string value="source"></string>
             <string role="key" value="valueOf_"></string>
             <string value="LOM-ESv1.0"></string>
            </dictionary>
           </instance>
           <string role="key" value="uniqueElementName"></string>
           <string value="role"></string>
           <string role="key" value="value"></string>
           <instance class="exe.engine.lom.lomsubs.roleValueSub">
            <dictionary>
             <string role="key" value="extensiontype_"></string>
             <none></none>
             <string role="key" value="source"></string>
             <none></none>
             <string role="key" value="uniqueElementName"></string>
             <string value="value"></string>
             <string role="key" value="value"></string>
             <none></none>
             <string role="key" value="valueOf_"></string>
             <string value="creator"></string>
            </dictionary>
           </instance>
          </dictionary>
         </instance>
        </dictionary>
       </instance>
      </list>
      <string role="key" value="identifier"></string>
      <list></list>
      <string role="key" value="language"></string>
      <instance class="exe.engine.lom.lomsubs.LanguageIdSub">
       <dictionary>
        <string role="key" value="extensiontype_"></string>
        <none></none>
        <string role="key" value="valueOf_"></string>
        <string value="es"></string>
       </dictionary>
      </instance>
      <string role="key" value="metadataSchema"></string>
      <list>
       <instance class="exe.engine.lom.lomsubs.metadataSchemaSub">
        <dictionary>
         <string role="key" value="valueOf_"></string>
         <string value="LOM-ESv1.0"></string>
        </dictionary>
       </instance>
      </list>
      <string role="key" value="uniqueElementName"></string>
      <string value="metaMetadata"></string>
     </dictionary>
    </instance>
    <string role="key" value="relation"></string>
    <list></list>
    <string role="key" value="rights"></string>
    <instance class="exe.engine.lom.lomsubs.rightsSub">
     <dictionary>
      <string role="key" value="access"></string>
      <instance class="exe.engine.lom.lomsubs.accessSub">
       <dictionary>
        <string role="key" value="accessType"></string>
        <instance class="exe.engine.lom.lomsubs.accessTypeSub">
         <dictionary>
          <string role="key" value="extensiontype_"></string>
          <none></none>
          <string role="key" value="source"></string>
          <instance class="exe.engine.lom.lomsubs.sourceValueSub">
           <dictionary>
            <string role="key" value="extensiontype_"></string>
            <none></none>
            <string role="key" value="string"></string>
            <list></list>
            <string role="key" value="uniqueElementName"></string>
            <string value="source"></string>
            <string role="key" value="valueOf_"></string>
            <string value="LOM-ESv1.0"></string>
           </dictionary>
          </instance>
          <string role="key" value="uniqueElementName"></string>
          <string value="accessType"></string>
          <string role="key" value="value"></string>
          <instance class="exe.engine.lom.lomsubs.accessTypeValueSub">
           <dictionary>
            <string role="key" value="extensiontype_"></string>
            <none></none>
            <string role="key" value="source"></string>
            <none></none>
            <string role="key" value="uniqueElementName"></string>
            <string value="value"></string>
            <string role="key" value="value"></string>
            <none></none>
            <string role="key" value="valueOf_"></string>
            <string value="universal"></string>
           </dictionary>
          </instance>
         </dictionary>
        </instance>
        <string role="key" value="description"></string>
        <instance class="exe.engine.lom.lomsubs.LanguageStringSub">
         <dictionary>
          <string role="key" value="extensiontype_"></string>
          <none></none>
          <string role="key" value="string"></string>
          <list>
           <instance class="exe.engine.lom.lomsubs.LangStringSub">
            <dictionary>
             <string role="key" value="language"></string>
             <string value="es"></string>
             <string role="key" value="valueOf_"></string>
             <unicode value="Preestablecido"></unicode>
            </dictionary>
           </instance>
          </list>
         </dictionary>
        </instance>
        <string role="key" value="uniqueElementName"></string>
        <string value="access"></string>
       </dictionary>
      </instance>
      <string role="key" value="copyrightAndOtherRestrictions"></string>
      <instance class="exe.engine.lom.lomsubs.copyrightAndOtherRestrictionsSub">
       <dictionary>
        <string role="key" value="extensiontype_"></string>
        <none></none>
        <string role="key" value="source"></string>
        <instance class="exe.engine.lom.lomsubs.sourceValueSub">
         <dictionary>
          <string role="key" value="extensiontype_"></string>
          <none></none>
          <string role="key" value="string"></string>
          <list></list>
          <string role="key" value="uniqueElementName"></string>
          <string value="source"></string>
          <string role="key" value="valueOf_"></string>
          <string value="LOM-ESv1.0"></string>
         </dictionary>
        </instance>
        <string role="key" value="uniqueElementName"></string>
        <string value="copyrightAndOtherRestrictions"></string>
        <string role="key" value="value"></string>
        <instance class="exe.engine.lom.lomsubs.copyrightAndOtherRestrictionsValueSub">
         <dictionary>
          <string role="key" value="extensiontype_"></string>
          <none></none>
          <string role="key" value="source"></string>
          <none></none>
          <string role="key" value="uniqueElementName"></string>
          <string value="value"></string>
          <string role="key" value="value"></string>
          <none></none>
          <string role="key" value="valueOf_"></string>
          <string value="creative commons: attribution - share alike"></string>
         </dictionary>
        </instance>
       </dictionary>
      </instance>
      <string role="key" value="cost"></string>
      <none></none>
      <string role="key" value="description"></string>
      <none></none>
      <string role="key" value="uniqueElementName"></string>
      <string value="rights"></string>
     </dictionary>
    </instance>
    <string role="key" value="technical"></string>
    <none></none>
   </dictionary>
  </instance>
  <string role="key" value="mxmlforcemediaonly"></string>
  <bool value="0"></bool>
  <string role="key" value="mxmlheight"></string>
  <string value=""></string>
  <string role="key" value="mxmlprofilelist"></string>
  <string value=""></string>
  <string role="key" value="mxmlwidth"></string>
  <string value=""></string>
  <string role="key" value="resources"></string>
  <dictionary>
   <string role="key" value="123dc6d351315b63fbf4379ef1f611b2"></string>
   <list>
    <reference key="13"></reference>
   </list>
   <string role="key" value="31d918827fabca8df657955aa66dcd30"></string>
   <list>
    <reference key="9"></reference>
   </list>
   <string role="key" value="531cddbb86f0626605339b88707eb462"></string>
   <list>
    <reference key="12"></reference>
   </list>
  </dictionary>
  <string role="key" value="root"></string>
  <reference key="4"></reference>
  <string role="key" value="scolinks"></string>
  <bool value="0"></bool>
  <string role="key" value="scowsinglepage"></string>
  <bool value="0"></bool>
  <string role="key" value="scowwebsite"></string>
  <bool value="0"></bool>
  <string role="key" value="style"></string>
  <unicode value="MAX"></unicode>
  <string role="key" value="sugaractivityname"></string>
  <string value=""></string>
  <string role="key" value="sugarservicename"></string>
  <string value=""></string>
  <string role="key" value="tempFile"></string>
  <bool value="0"></bool>
 </dictionary>
</instance>