{
	"textures": [
		{
			"image": "decoracion-0.png",
			"format": "RGBA8888",
			"size": {
				"w": 510,
				"h": 1282
			},
			"scale": 1,
			"frames": [
				{
					"filename": "objetos/decoracion_nubes_lejanas",
					"rotated": false,
					"trimmed": false,
					"sourceSize": {
						"w": 384,
						"h": 150
					},
					"spriteSourceSize": {
						"x": 0,
						"y": 0,
						"w": 384,
						"h": 150
					},
					"frame": {
						"x": 1,
						"y": 1,
						"w": 384,
						"h": 150
					},
					"anchor": {
						"x": 0.5,
						"y": 0.5
					}
				},
				{
					"filename": "objetos/decoracion_arbol_2",
					"rotated": false,
					"trimmed": false,
					"sourceSize": {
						"w": 122,
						"h": 208
					},
					"spriteSourceSize": {
						"x": 0,
						"y": 0,
						"w": 122,
						"h": 208
					},
					"frame": {
						"x": 387,
						"y": 1,
						"w": 122,
						"h": 208
					},
					"anchor": {
						"x": 0.5,
						"y": 0.5
					}
				},
				{
					"filename": "objetos/decoracion_suelo_lejano",
					"rotated": false,
					"trimmed": false,
					"sourceSize": {
						"w": 384,
						"h": 150
					},
					"spriteSourceSize": {
						"x": 0,
						"y": 0,
						"w": 384,
						"h": 150
					},
					"frame": {
						"x": 1,
						"y": 153,
						"w": 384,
						"h": 150
					},
					"anchor": {
						"x": 0.5,
						"y": 0.5
					}
				},
				{
					"filename": "objetos/decoracion_cerca",
					"rotated": false,
					"trimmed": false,
					"sourceSize": {
						"w": 104,
						"h": 77
					},
					"spriteSourceSize": {
						"x": 0,
						"y": 0,
						"w": 104,
						"h": 77
					},
					"frame": {
						"x": 387,
						"y": 211,
						"w": 104,
						"h": 77
					},
					"anchor": {
						"x": 0.5,
						"y": 0.5
					}
				},
				{
					"filename": "fondos/fondo-plano",
					"rotated": false,
					"trimmed": false,
					"sourceSize": {
						"w": 10,
						"h": 10
					},
					"spriteSourceSize": {
						"x": 0,
						"y": 0,
						"w": 10,
						"h": 10
					},
					"frame": {
						"x": 493,
						"y": 211,
						"w": 10,
						"h": 10
					},
					"anchor": {
						"x": 0.5,
						"y": 0.5
					}
				},
				{
					"filename": "objetos/decoracion_arbol_1",
					"rotated": false,
					"trimmed": false,
					"sourceSize": {
						"w": 102,
						"h": 207
					},
					"spriteSourceSize": {
						"x": 0,
						"y": 0,
						"w": 102,
						"h": 207
					},
					"frame": {
						"x": 387,
						"y": 290,
						"w": 102,
						"h": 207
					},
					"anchor": {
						"x": 0.5,
						"y": 0.5
					}
				},
				{
					"filename": "fondos/fondo-espacio_1",
					"rotated": false,
					"trimmed": false,
					"sourceSize": {
						"w": 256,
						"h": 256
					},
					"spriteSourceSize": {
						"x": 0,
						"y": 0,
						"w": 256,
						"h": 256
					},
					"frame": {
						"x": 1,
						"y": 305,
						"w": 256,
						"h": 256
					},
					"anchor": {
						"x": 0.5,
						"y": 0.5
					}
				},
				{
					"filename": "objetos/decoracion_nube_2",
					"rotated": false,
					"trimmed": false,
					"sourceSize": {
						"w": 250,
						"h": 146
					},
					"spriteSourceSize": {
						"x": 0,
						"y": 0,
						"w": 250,
						"h": 146
					},
					"frame": {
						"x": 259,
						"y": 499,
						"w": 250,
						"h": 146
					},
					"anchor": {
						"x": 0.5,
						"y": 0.5
					}
				},
				{
					"filename": "fondos/fondo-espacio_2",
					"rotated": false,
					"trimmed": false,
					"sourceSize": {
						"w": 256,
						"h": 256
					},
					"spriteSourceSize": {
						"x": 0,
						"y": 0,
						"w": 256,
						"h": 256
					},
					"frame": {
						"x": 1,
						"y": 563,
						"w": 256,
						"h": 256
					},
					"anchor": {
						"x": 0.5,
						"y": 0.5
					}
				},
				{
					"filename": "objetos/decoracion_cactus",
					"rotated": false,
					"trimmed": false,
					"sourceSize": {
						"w": 96,
						"h": 139
					},
					"spriteSourceSize": {
						"x": 0,
						"y": 0,
						"w": 96,
						"h": 139
					},
					"frame": {
						"x": 259,
						"y": 305,
						"w": 96,
						"h": 139
					},
					"anchor": {
						"x": 0.5,
						"y": 0.5
					}
				},
				{
					"filename": "objetos/decoracion_hierba_1",
					"rotated": false,
					"trimmed": false,
					"sourceSize": {
						"w": 52,
						"h": 45
					},
					"spriteSourceSize": {
						"x": 0,
						"y": 0,
						"w": 52,
						"h": 45
					},
					"frame": {
						"x": 259,
						"y": 446,
						"w": 52,
						"h": 45
					},
					"anchor": {
						"x": 0.5,
						"y": 0.5
					}
				},
				{
					"filename": "objetos/decoracion_nube_1",
					"rotated": false,
					"trimmed": false,
					"sourceSize": {
						"w": 203,
						"h": 121
					},
					"spriteSourceSize": {
						"x": 0,
						"y": 0,
						"w": 203,
						"h": 121
					},
					"frame": {
						"x": 259,
						"y": 647,
						"w": 203,
						"h": 121
					},
					"anchor": {
						"x": 0.5,
						"y": 0.5
					}
				},
				{
					"filename": "objetos/decoracion_palmera",
					"rotated": false,
					"trimmed": false,
					"sourceSize": {
						"w": 200,
						"h": 238
					},
					"spriteSourceSize": {
						"x": 0,
						"y": 0,
						"w": 200,
						"h": 238
					},
					"frame": {
						"x": 259,
						"y": 770,
						"w": 200,
						"h": 238
					},
					"anchor": {
						"x": 0.5,
						"y": 0.5
					}
				},
				{
					"filename": "objetos/nube",
					"rotated": false,
					"trimmed": true,
					"sourceSize": {
						"w": 256,
						"h": 256
					},
					"spriteSourceSize": {
						"x": 3,
						"y": 31,
						"w": 252,
						"h": 158
					},
					"frame": {
						"x": 1,
						"y": 821,
						"w": 252,
						"h": 158
					},
					"anchor": {
						"x": 0.5,
						"y": 0.5
					}
				},
				{
					"filename": "fondos/fondo-verde",
					"rotated": false,
					"trimmed": false,
					"sourceSize": {
						"w": 160,
						"h": 160
					},
					"spriteSourceSize": {
						"x": 0,
						"y": 0,
						"w": 160,
						"h": 160
					},
					"frame": {
						"x": 1,
						"y": 981,
						"w": 160,
						"h": 160
					},
					"anchor": {
						"x": 0.5,
						"y": 0.5
					}
				},
				{
					"filename": "objetos/decoracion_luna",
					"rotated": false,
					"trimmed": false,
					"sourceSize": {
						"w": 84,
						"h": 84
					},
					"spriteSourceSize": {
						"x": 0,
						"y": 0,
						"w": 84,
						"h": 84
					},
					"frame": {
						"x": 163,
						"y": 981,
						"w": 84,
						"h": 84
					},
					"anchor": {
						"x": 0.5,
						"y": 0.5
					}
				},
				{
					"filename": "fondos/fondo-azul",
					"rotated": false,
					"trimmed": false,
					"sourceSize": {
						"w": 128,
						"h": 128
					},
					"spriteSourceSize": {
						"x": 0,
						"y": 0,
						"w": 128,
						"h": 128
					},
					"frame": {
						"x": 1,
						"y": 1143,
						"w": 128,
						"h": 128
					},
					"anchor": {
						"x": 0.5,
						"y": 0.5
					}
				},
				{
					"filename": "fondos/fondo-cesped_1",
					"rotated": false,
					"trimmed": false,
					"sourceSize": {
						"w": 128,
						"h": 128
					},
					"spriteSourceSize": {
						"x": 0,
						"y": 0,
						"w": 128,
						"h": 128
					},
					"frame": {
						"x": 131,
						"y": 1143,
						"w": 128,
						"h": 128
					},
					"anchor": {
						"x": 0.5,
						"y": 0.5
					}
				},
				{
					"filename": "fondos/fondo-madera",
					"rotated": false,
					"trimmed": false,
					"sourceSize": {
						"w": 128,
						"h": 128
					},
					"spriteSourceSize": {
						"x": 0,
						"y": 0,
						"w": 128,
						"h": 128
					},
					"frame": {
						"x": 249,
						"y": 1010,
						"w": 128,
						"h": 128
					},
					"anchor": {
						"x": 0.5,
						"y": 0.5
					}
				},
				{
					"filename": "objetos/arbol_desde_arriba",
					"rotated": false,
					"trimmed": false,
					"sourceSize": {
						"w": 141,
						"h": 141
					},
					"spriteSourceSize": {
						"x": 0,
						"y": 0,
						"w": 141,
						"h": 141
					},
					"frame": {
						"x": 261,
						"y": 1140,
						"w": 141,
						"h": 141
					},
					"anchor": {
						"x": 0.5,
						"y": 0.5
					}
				},
				{
					"filename": "fondos/fondo-rojo",
					"rotated": false,
					"trimmed": false,
					"sourceSize": {
						"w": 128,
						"h": 128
					},
					"spriteSourceSize": {
						"x": 0,
						"y": 0,
						"w": 128,
						"h": 128
					},
					"frame": {
						"x": 379,
						"y": 1010,
						"w": 128,
						"h": 128
					},
					"anchor": {
						"x": 0.5,
						"y": 0.5
					}
				},
				{
					"filename": "fondos/fondo-cesped_2",
					"rotated": false,
					"trimmed": false,
					"sourceSize": {
						"w": 64,
						"h": 64
					},
					"spriteSourceSize": {
						"x": 0,
						"y": 0,
						"w": 64,
						"h": 64
					},
					"frame": {
						"x": 163,
						"y": 1067,
						"w": 64,
						"h": 64
					},
					"anchor": {
						"x": 0.5,
						"y": 0.5
					}
				},
				{
					"filename": "fondos/fondo-cielo",
					"rotated": false,
					"trimmed": false,
					"sourceSize": {
						"w": 64,
						"h": 64
					},
					"spriteSourceSize": {
						"x": 0,
						"y": 0,
						"w": 64,
						"h": 64
					},
					"frame": {
						"x": 404,
						"y": 1140,
						"w": 64,
						"h": 64
					},
					"anchor": {
						"x": 0.5,
						"y": 0.5
					}
				},
				{
					"filename": "fondos/fondo-tierra_1",
					"rotated": false,
					"trimmed": false,
					"sourceSize": {
						"w": 64,
						"h": 64
					},
					"spriteSourceSize": {
						"x": 0,
						"y": 0,
						"w": 64,
						"h": 64
					},
					"frame": {
						"x": 404,
						"y": 1206,
						"w": 64,
						"h": 64
					},
					"anchor": {
						"x": 0.5,
						"y": 0.5
					}
				}
			]
		}
	],
	"meta": {
		"app": "https://www.codeandweb.com/texturepacker",
		"version": "3.0",
		"smartupdate": "$TexturePacker:SmartUpdate:ef0cf39616f701fe78e2e50924d90bc6:f7fdbac755c1bbfeddb7df6078d1c35f:1254384c92303b71d757c05d7812def1$"
	}
}
