{
	"textures": [
		{
			"image": "imagenes-0.png",
			"format": "RGBA8888",
			"size": {
				"w": 1251,
				"h": 974
			},
			"scale": 1,
			"frames": [
				{
					"filename": "plataformas/suelo",
					"rotated": false,
					"trimmed": false,
					"sourceSize": {
						"w": 600,
						"h": 25
					},
					"spriteSourceSize": {
						"x": 0,
						"y": 0,
						"w": 600,
						"h": 25
					},
					"frame": {
						"x": 1,
						"y": 1,
						"w": 600,
						"h": 25
					},
					"anchor": {
						"x": 0.5,
						"y": 0.5
					}
				},
				{
					"filename": "plataformas/techo",
					"rotated": false,
					"trimmed": false,
					"sourceSize": {
						"w": 600,
						"h": 25
					},
					"spriteSourceSize": {
						"x": 0,
						"y": 0,
						"w": 600,
						"h": 25
					},
					"frame": {
						"x": 1,
						"y": 1,
						"w": 600,
						"h": 25
					},
					"anchor": {
						"x": 0.5,
						"y": 0.5
					}
				},
				{
					"filename": "plataformas/pared",
					"rotated": false,
					"trimmed": false,
					"sourceSize": {
						"w": 25,
						"h": 600
					},
					"spriteSourceSize": {
						"x": 0,
						"y": 0,
						"w": 25,
						"h": 600
					},
					"frame": {
						"x": 1,
						"y": 28,
						"w": 25,
						"h": 600
					},
					"anchor": {
						"x": 0.5,
						"y": 0.5
					}
				},
				{
					"filename": "efectos/chispa-4",
					"rotated": false,
					"trimmed": true,
					"sourceSize": {
						"w": 222,
						"h": 169
					},
					"spriteSourceSize": {
						"x": 32,
						"y": 19,
						"w": 183,
						"h": 124
					},
					"frame": {
						"x": 28,
						"y": 28,
						"w": 183,
						"h": 124
					},
					"anchor": {
						"x": 0.5,
						"y": 0.5
					}
				},
				{
					"filename": "efectos/chispa-3",
					"rotated": false,
					"trimmed": true,
					"sourceSize": {
						"w": 222,
						"h": 169
					},
					"spriteSourceSize": {
						"x": 36,
						"y": 20,
						"w": 185,
						"h": 119
					},
					"frame": {
						"x": 213,
						"y": 28,
						"w": 185,
						"h": 119
					},
					"anchor": {
						"x": 0.5,
						"y": 0.5
					}
				},
				{
					"filename": "efectos/golpe-4",
					"rotated": false,
					"trimmed": true,
					"sourceSize": {
						"w": 173,
						"h": 169
					},
					"spriteSourceSize": {
						"x": 7,
						"y": 10,
						"w": 153,
						"h": 140
					},
					"frame": {
						"x": 28,
						"y": 154,
						"w": 153,
						"h": 140
					},
					"anchor": {
						"x": 0.5,
						"y": 0.5
					}
				},
				{
					"filename": "explosion/explosion_014",
					"rotated": false,
					"trimmed": true,
					"sourceSize": {
						"w": 162,
						"h": 144
					},
					"spriteSourceSize": {
						"x": 8,
						"y": 0,
						"w": 147,
						"h": 144
					},
					"frame": {
						"x": 28,
						"y": 296,
						"w": 147,
						"h": 144
					},
					"anchor": {
						"x": 0.5,
						"y": 0.5
					}
				},
				{
					"filename": "explosion/explosion_013",
					"rotated": false,
					"trimmed": true,
					"sourceSize": {
						"w": 162,
						"h": 144
					},
					"spriteSourceSize": {
						"x": 13,
						"y": 1,
						"w": 141,
						"h": 143
					},
					"frame": {
						"x": 28,
						"y": 442,
						"w": 141,
						"h": 143
					},
					"anchor": {
						"x": 0.5,
						"y": 0.5
					}
				},
				{
					"filename": "plataformas/plataforma",
					"rotated": false,
					"trimmed": false,
					"sourceSize": {
						"w": 256,
						"h": 38
					},
					"spriteSourceSize": {
						"x": 0,
						"y": 0,
						"w": 256,
						"h": 38
					},
					"frame": {
						"x": 603,
						"y": 1,
						"w": 256,
						"h": 38
					},
					"anchor": {
						"x": 0.5,
						"y": 0.5
					}
				},
				{
					"filename": "efectos/humo-10",
					"rotated": false,
					"trimmed": true,
					"sourceSize": {
						"w": 161,
						"h": 162
					},
					"spriteSourceSize": {
						"x": 5,
						"y": 15,
						"w": 144,
						"h": 135
					},
					"frame": {
						"x": 400,
						"y": 28,
						"w": 144,
						"h": 135
					},
					"anchor": {
						"x": 0.5,
						"y": 0.5
					}
				},
				{
					"filename": "efectos/golpe-5",
					"rotated": false,
					"trimmed": true,
					"sourceSize": {
						"w": 173,
						"h": 169
					},
					"spriteSourceSize": {
						"x": 18,
						"y": 19,
						"w": 143,
						"h": 132
					},
					"frame": {
						"x": 546,
						"y": 41,
						"w": 143,
						"h": 132
					},
					"anchor": {
						"x": 0.5,
						"y": 0.5
					}
				},
				{
					"filename": "explosion/explosion_012",
					"rotated": false,
					"trimmed": true,
					"sourceSize": {
						"w": 162,
						"h": 144
					},
					"spriteSourceSize": {
						"x": 12,
						"y": 2,
						"w": 141,
						"h": 142
					},
					"frame": {
						"x": 691,
						"y": 41,
						"w": 141,
						"h": 142
					},
					"anchor": {
						"x": 0.5,
						"y": 0.5
					}
				},
				{
					"filename": "interfaz/interfaz_linea",
					"rotated": false,
					"trimmed": true,
					"sourceSize": {
						"w": 190,
						"h": 30
					},
					"spriteSourceSize": {
						"x": 0,
						"y": 12,
						"w": 190,
						"h": 6
					},
					"frame": {
						"x": 861,
						"y": 1,
						"w": 190,
						"h": 6
					},
					"anchor": {
						"x": 0.5,
						"y": 0.5
					}
				},
				{
					"filename": "efectos/golpe-6",
					"rotated": false,
					"trimmed": true,
					"sourceSize": {
						"w": 173,
						"h": 169
					},
					"spriteSourceSize": {
						"x": 18,
						"y": 35,
						"w": 143,
						"h": 116
					},
					"frame": {
						"x": 28,
						"y": 587,
						"w": 143,
						"h": 116
					},
					"anchor": {
						"x": 0.5,
						"y": 0.5
					}
				},
				{
					"filename": "explosion/explosion_015",
					"rotated": false,
					"trimmed": true,
					"sourceSize": {
						"w": 162,
						"h": 144
					},
					"spriteSourceSize": {
						"x": 4,
						"y": 0,
						"w": 139,
						"h": 144
					},
					"frame": {
						"x": 1,
						"y": 705,
						"w": 139,
						"h": 144
					},
					"anchor": {
						"x": 0.5,
						"y": 0.5
					}
				},
				{
					"filename": "explosion/explosion_007",
					"rotated": false,
					"trimmed": true,
					"sourceSize": {
						"w": 162,
						"h": 144
					},
					"spriteSourceSize": {
						"x": 18,
						"y": 12,
						"w": 130,
						"h": 120
					},
					"frame": {
						"x": 1,
						"y": 851,
						"w": 130,
						"h": 120
					},
					"anchor": {
						"x": 0.5,
						"y": 0.5
					}
				},
				{
					"filename": "efectos/humo-09",
					"rotated": false,
					"trimmed": true,
					"sourceSize": {
						"w": 161,
						"h": 162
					},
					"spriteSourceSize": {
						"x": 6,
						"y": 16,
						"w": 141,
						"h": 133
					},
					"frame": {
						"x": 861,
						"y": 9,
						"w": 141,
						"h": 133
					},
					"anchor": {
						"x": 0.5,
						"y": 0.5
					}
				},
				{
					"filename": "explosion/explosion_011",
					"rotated": false,
					"trimmed": true,
					"sourceSize": {
						"w": 162,
						"h": 144
					},
					"spriteSourceSize": {
						"x": 13,
						"y": 3,
						"w": 139,
						"h": 140
					},
					"frame": {
						"x": 1004,
						"y": 9,
						"w": 139,
						"h": 140
					},
					"anchor": {
						"x": 0.5,
						"y": 0.5
					}
				},
				{
					"filename": "efectos/chispa-2",
					"rotated": false,
					"trimmed": true,
					"sourceSize": {
						"w": 222,
						"h": 169
					},
					"spriteSourceSize": {
						"x": 88,
						"y": 33,
						"w": 105,
						"h": 77
					},
					"frame": {
						"x": 1145,
						"y": 1,
						"w": 105,
						"h": 77
					},
					"anchor": {
						"x": 0.5,
						"y": 0.5
					}
				},
				{
					"filename": "efectos/humo-03",
					"rotated": false,
					"trimmed": true,
					"sourceSize": {
						"w": 161,
						"h": 162
					},
					"spriteSourceSize": {
						"x": 26,
						"y": 36,
						"w": 103,
						"h": 97
					},
					"frame": {
						"x": 1145,
						"y": 80,
						"w": 103,
						"h": 97
					},
					"anchor": {
						"x": 0.5,
						"y": 0.5
					}
				},
				{
					"filename": "objetos/tridente_normal",
					"rotated": false,
					"trimmed": true,
					"sourceSize": {
						"w": 60,
						"h": 150
					},
					"spriteSourceSize": {
						"x": 6,
						"y": 6,
						"w": 54,
						"h": 137
					},
					"frame": {
						"x": 142,
						"y": 705,
						"w": 54,
						"h": 137
					},
					"anchor": {
						"x": 0.5,
						"y": 0.5
					}
				},
				{
					"filename": "explosion/explosion_010",
					"rotated": false,
					"trimmed": true,
					"sourceSize": {
						"w": 162,
						"h": 144
					},
					"spriteSourceSize": {
						"x": 14,
						"y": 6,
						"w": 137,
						"h": 134
					},
					"frame": {
						"x": 183,
						"y": 154,
						"w": 137,
						"h": 134
					},
					"anchor": {
						"x": 0.5,
						"y": 0.5
					}
				},
				{
					"filename": "objetos/robot",
					"rotated": false,
					"trimmed": false,
					"sourceSize": {
						"w": 71,
						"h": 120
					},
					"spriteSourceSize": {
						"x": 0,
						"y": 0,
						"w": 71,
						"h": 120
					},
					"frame": {
						"x": 322,
						"y": 149,
						"w": 71,
						"h": 120
					},
					"anchor": {
						"x": 0.5,
						"y": 0.5
					}
				},
				{
					"filename": "efectos/humo-08",
					"rotated": false,
					"trimmed": true,
					"sourceSize": {
						"w": 161,
						"h": 162
					},
					"spriteSourceSize": {
						"x": 7,
						"y": 17,
						"w": 139,
						"h": 131
					},
					"frame": {
						"x": 395,
						"y": 165,
						"w": 139,
						"h": 131
					},
					"anchor": {
						"x": 0.5,
						"y": 0.5
					}
				},
				{
					"filename": "efectos/golpe-3",
					"rotated": false,
					"trimmed": true,
					"sourceSize": {
						"w": 173,
						"h": 169
					},
					"spriteSourceSize": {
						"x": 15,
						"y": 21,
						"w": 138,
						"h": 123
					},
					"frame": {
						"x": 536,
						"y": 175,
						"w": 138,
						"h": 123
					},
					"anchor": {
						"x": 0.5,
						"y": 0.5
					}
				},
				{
					"filename": "efectos/humo-07",
					"rotated": false,
					"trimmed": true,
					"sourceSize": {
						"w": 161,
						"h": 162
					},
					"spriteSourceSize": {
						"x": 9,
						"y": 19,
						"w": 136,
						"h": 128
					},
					"frame": {
						"x": 676,
						"y": 185,
						"w": 136,
						"h": 128
					},
					"anchor": {
						"x": 0.5,
						"y": 0.5
					}
				},
				{
					"filename": "explosion/explosion_009",
					"rotated": false,
					"trimmed": true,
					"sourceSize": {
						"w": 162,
						"h": 144
					},
					"spriteSourceSize": {
						"x": 16,
						"y": 7,
						"w": 134,
						"h": 131
					},
					"frame": {
						"x": 834,
						"y": 144,
						"w": 134,
						"h": 131
					},
					"anchor": {
						"x": 0.5,
						"y": 0.5
					}
				},
				{
					"filename": "explosion/explosion_008",
					"rotated": false,
					"trimmed": true,
					"sourceSize": {
						"w": 162,
						"h": 144
					},
					"spriteSourceSize": {
						"x": 17,
						"y": 9,
						"w": 133,
						"h": 126
					},
					"frame": {
						"x": 970,
						"y": 151,
						"w": 133,
						"h": 126
					},
					"anchor": {
						"x": 0.5,
						"y": 0.5
					}
				},
				{
					"filename": "efectos/humo-06",
					"rotated": false,
					"trimmed": true,
					"sourceSize": {
						"w": 161,
						"h": 162
					},
					"spriteSourceSize": {
						"x": 11,
						"y": 22,
						"w": 131,
						"h": 123
					},
					"frame": {
						"x": 1105,
						"y": 179,
						"w": 131,
						"h": 123
					},
					"anchor": {
						"x": 0.5,
						"y": 0.5
					}
				},
				{
					"filename": "efectos/humo-05",
					"rotated": false,
					"trimmed": true,
					"sourceSize": {
						"w": 161,
						"h": 162
					},
					"spriteSourceSize": {
						"x": 14,
						"y": 24,
						"w": 125,
						"h": 118
					},
					"frame": {
						"x": 814,
						"y": 277,
						"w": 125,
						"h": 118
					},
					"anchor": {
						"x": 0.5,
						"y": 0.5
					}
				},
				{
					"filename": "explosion/explosion_006",
					"rotated": false,
					"trimmed": true,
					"sourceSize": {
						"w": 162,
						"h": 144
					},
					"spriteSourceSize": {
						"x": 20,
						"y": 15,
						"w": 124,
						"h": 112
					},
					"frame": {
						"x": 941,
						"y": 279,
						"w": 124,
						"h": 112
					},
					"anchor": {
						"x": 0.5,
						"y": 0.5
					}
				},
				{
					"filename": "explosion/explosion_005",
					"rotated": false,
					"trimmed": true,
					"sourceSize": {
						"w": 162,
						"h": 144
					},
					"spriteSourceSize": {
						"x": 23,
						"y": 16,
						"w": 119,
						"h": 109
					},
					"frame": {
						"x": 1067,
						"y": 304,
						"w": 119,
						"h": 109
					},
					"anchor": {
						"x": 0.5,
						"y": 0.5
					}
				},
				{
					"filename": "objetos/bomba_1",
					"rotated": false,
					"trimmed": true,
					"sourceSize": {
						"w": 68,
						"h": 63
					},
					"spriteSourceSize": {
						"x": 0,
						"y": 0,
						"w": 62,
						"h": 57
					},
					"frame": {
						"x": 1188,
						"y": 304,
						"w": 62,
						"h": 57
					},
					"anchor": {
						"x": 0.5,
						"y": 0.5
					}
				},
				{
					"filename": "carreras/auto_rojo",
					"rotated": false,
					"trimmed": false,
					"sourceSize": {
						"w": 62,
						"h": 40
					},
					"spriteSourceSize": {
						"x": 0,
						"y": 0,
						"w": 62,
						"h": 40
					},
					"frame": {
						"x": 1188,
						"y": 363,
						"w": 62,
						"h": 40
					},
					"anchor": {
						"x": 0.5,
						"y": 0.5
					}
				},
				{
					"filename": "disparos/misil",
					"rotated": false,
					"trimmed": false,
					"sourceSize": {
						"w": 38,
						"h": 26
					},
					"spriteSourceSize": {
						"x": 0,
						"y": 0,
						"w": 38,
						"h": 26
					},
					"frame": {
						"x": 1105,
						"y": 151,
						"w": 38,
						"h": 26
					},
					"anchor": {
						"x": 0.5,
						"y": 0.5
					}
				},
				{
					"filename": "objetos/cuchillo_1",
					"rotated": false,
					"trimmed": true,
					"sourceSize": {
						"w": 150,
						"h": 150
					},
					"spriteSourceSize": {
						"x": 53,
						"y": 6,
						"w": 45,
						"h": 128
					},
					"frame": {
						"x": 171,
						"y": 442,
						"w": 45,
						"h": 128
					},
					"anchor": {
						"x": 0.5,
						"y": 0.5
					}
				},
				{
					"filename": "objetos/tridente_clavado",
					"rotated": false,
					"trimmed": true,
					"sourceSize": {
						"w": 60,
						"h": 150
					},
					"spriteSourceSize": {
						"x": 4,
						"y": 6,
						"w": 56,
						"h": 125
					},
					"frame": {
						"x": 177,
						"y": 315,
						"w": 56,
						"h": 125
					},
					"anchor": {
						"x": 0.5,
						"y": 0.5
					}
				},
				{
					"filename": "objetos/copa",
					"rotated": false,
					"trimmed": true,
					"sourceSize": {
						"w": 128,
						"h": 128
					},
					"spriteSourceSize": {
						"x": 5,
						"y": 6,
						"w": 117,
						"h": 114
					},
					"frame": {
						"x": 235,
						"y": 290,
						"w": 117,
						"h": 114
					},
					"anchor": {
						"x": 0.5,
						"y": 0.5
					}
				},
				{
					"filename": "efectos/humo-04",
					"rotated": false,
					"trimmed": true,
					"sourceSize": {
						"w": 161,
						"h": 162
					},
					"spriteSourceSize": {
						"x": 18,
						"y": 28,
						"w": 118,
						"h": 112
					},
					"frame": {
						"x": 354,
						"y": 298,
						"w": 118,
						"h": 112
					},
					"anchor": {
						"x": 0.5,
						"y": 0.5
					}
				},
				{
					"filename": "objetos/cuchi_2",
					"rotated": false,
					"trimmed": true,
					"sourceSize": {
						"w": 150,
						"h": 150
					},
					"spriteSourceSize": {
						"x": 44,
						"y": 21,
						"w": 57,
						"h": 111
					},
					"frame": {
						"x": 474,
						"y": 298,
						"w": 57,
						"h": 111
					},
					"anchor": {
						"x": 0.5,
						"y": 0.5
					}
				},
				{
					"filename": "explosion/explosion_004",
					"rotated": false,
					"trimmed": true,
					"sourceSize": {
						"w": 162,
						"h": 144
					},
					"spriteSourceSize": {
						"x": 26,
						"y": 19,
						"w": 112,
						"h": 98
					},
					"frame": {
						"x": 533,
						"y": 300,
						"w": 112,
						"h": 98
					},
					"anchor": {
						"x": 0.5,
						"y": 0.5
					}
				},
				{
					"filename": "efectos/chispa-5",
					"rotated": false,
					"trimmed": true,
					"sourceSize": {
						"w": 222,
						"h": 169
					},
					"spriteSourceSize": {
						"x": 27,
						"y": 62,
						"w": 102,
						"h": 85
					},
					"frame": {
						"x": 647,
						"y": 315,
						"w": 102,
						"h": 85
					},
					"anchor": {
						"x": 0.5,
						"y": 0.5
					}
				},
				{
					"filename": "objetos/bomba_0",
					"rotated": false,
					"trimmed": true,
					"sourceSize": {
						"w": 68,
						"h": 63
					},
					"spriteSourceSize": {
						"x": 1,
						"y": 1,
						"w": 61,
						"h": 56
					},
					"frame": {
						"x": 751,
						"y": 315,
						"w": 61,
						"h": 56
					},
					"anchor": {
						"x": 0.5,
						"y": 0.5
					}
				},
				{
					"filename": "objetos/madera",
					"rotated": false,
					"trimmed": false,
					"sourceSize": {
						"w": 34,
						"h": 127
					},
					"spriteSourceSize": {
						"x": 0,
						"y": 0,
						"w": 34,
						"h": 127
					},
					"frame": {
						"x": 173,
						"y": 572,
						"w": 34,
						"h": 127
					},
					"anchor": {
						"x": 0.5,
						"y": 0.5
					}
				},
				{
					"filename": "basicos/sin_imagen",
					"rotated": false,
					"trimmed": false,
					"sourceSize": {
						"w": 100,
						"h": 100
					},
					"spriteSourceSize": {
						"x": 0,
						"y": 0,
						"w": 100,
						"h": 100
					},
					"frame": {
						"x": 235,
						"y": 406,
						"w": 100,
						"h": 100
					},
					"anchor": {
						"x": 0.5,
						"y": 0.5
					}
				},
				{
					"filename": "explosion/explosion_003",
					"rotated": false,
					"trimmed": true,
					"sourceSize": {
						"w": 162,
						"h": 144
					},
					"spriteSourceSize": {
						"x": 36,
						"y": 26,
						"w": 97,
						"h": 86
					},
					"frame": {
						"x": 337,
						"y": 412,
						"w": 97,
						"h": 86
					},
					"anchor": {
						"x": 0.5,
						"y": 0.5
					}
				},
				{
					"filename": "gallina/gallina_vuela_2",
					"rotated": false,
					"trimmed": false,
					"sourceSize": {
						"w": 93,
						"h": 67
					},
					"spriteSourceSize": {
						"x": 0,
						"y": 0,
						"w": 93,
						"h": 67
					},
					"frame": {
						"x": 218,
						"y": 508,
						"w": 93,
						"h": 67
					},
					"anchor": {
						"x": 0.5,
						"y": 0.5
					}
				},
				{
					"filename": "efectos/golpe-2",
					"rotated": false,
					"trimmed": true,
					"sourceSize": {
						"w": 173,
						"h": 169
					},
					"spriteSourceSize": {
						"x": 28,
						"y": 28,
						"w": 91,
						"h": 90
					},
					"frame": {
						"x": 209,
						"y": 577,
						"w": 91,
						"h": 90
					},
					"anchor": {
						"x": 0.5,
						"y": 0.5
					}
				},
				{
					"filename": "conejo/conejo_camina1",
					"rotated": false,
					"trimmed": true,
					"sourceSize": {
						"w": 60,
						"h": 106
					},
					"spriteSourceSize": {
						"x": 0,
						"y": 0,
						"w": 60,
						"h": 104
					},
					"frame": {
						"x": 436,
						"y": 412,
						"w": 60,
						"h": 104
					},
					"anchor": {
						"x": 0.5,
						"y": 0.5
					}
				},
				{
					"filename": "conejo/conejo_camina2",
					"rotated": false,
					"trimmed": false,
					"sourceSize": {
						"w": 60,
						"h": 104
					},
					"spriteSourceSize": {
						"x": 0,
						"y": 0,
						"w": 60,
						"h": 104
					},
					"frame": {
						"x": 498,
						"y": 411,
						"w": 60,
						"h": 104
					},
					"anchor": {
						"x": 0.5,
						"y": 0.5
					}
				},
				{
					"filename": "gallina/gallina_muere",
					"rotated": false,
					"trimmed": false,
					"sourceSize": {
						"w": 82,
						"h": 92
					},
					"spriteSourceSize": {
						"x": 0,
						"y": 0,
						"w": 82,
						"h": 92
					},
					"frame": {
						"x": 560,
						"y": 400,
						"w": 82,
						"h": 92
					},
					"anchor": {
						"x": 0.5,
						"y": 0.5
					}
				},
				{
					"filename": "conejo/conejo_salta",
					"rotated": false,
					"trimmed": false,
					"sourceSize": {
						"w": 75,
						"h": 91
					},
					"spriteSourceSize": {
						"x": 0,
						"y": 0,
						"w": 75,
						"h": 91
					},
					"frame": {
						"x": 644,
						"y": 402,
						"w": 75,
						"h": 91
					},
					"anchor": {
						"x": 0.5,
						"y": 0.5
					}
				},
				{
					"filename": "mono/mono_gritar",
					"rotated": false,
					"trimmed": false,
					"sourceSize": {
						"w": 90,
						"h": 70
					},
					"spriteSourceSize": {
						"x": 0,
						"y": 0,
						"w": 90,
						"h": 70
					},
					"frame": {
						"x": 209,
						"y": 669,
						"w": 90,
						"h": 70
					},
					"anchor": {
						"x": 0.5,
						"y": 0.5
					}
				},
				{
					"filename": "cartas/carta",
					"rotated": false,
					"trimmed": false,
					"sourceSize": {
						"w": 70,
						"h": 95
					},
					"spriteSourceSize": {
						"x": 0,
						"y": 0,
						"w": 70,
						"h": 95
					},
					"frame": {
						"x": 198,
						"y": 741,
						"w": 70,
						"h": 95
					},
					"anchor": {
						"x": 0.5,
						"y": 0.5
					}
				},
				{
					"filename": "conejo/conejo_parado2",
					"rotated": false,
					"trimmed": false,
					"sourceSize": {
						"w": 60,
						"h": 101
					},
					"spriteSourceSize": {
						"x": 0,
						"y": 0,
						"w": 60,
						"h": 101
					},
					"frame": {
						"x": 270,
						"y": 741,
						"w": 60,
						"h": 101
					},
					"anchor": {
						"x": 0.5,
						"y": 0.5
					}
				},
				{
					"filename": "conejo/conejo_parado1",
					"rotated": false,
					"trimmed": true,
					"sourceSize": {
						"w": 60,
						"h": 101
					},
					"spriteSourceSize": {
						"x": 0,
						"y": 4,
						"w": 60,
						"h": 97
					},
					"frame": {
						"x": 721,
						"y": 402,
						"w": 60,
						"h": 97
					},
					"anchor": {
						"x": 0.5,
						"y": 0.5
					}
				},
				{
					"filename": "cartas/carta_azul",
					"rotated": false,
					"trimmed": false,
					"sourceSize": {
						"w": 70,
						"h": 95
					},
					"spriteSourceSize": {
						"x": 0,
						"y": 0,
						"w": 70,
						"h": 95
					},
					"frame": {
						"x": 783,
						"y": 397,
						"w": 70,
						"h": 95
					},
					"anchor": {
						"x": 0.5,
						"y": 0.5
					}
				},
				{
					"filename": "cartas/carta_verde",
					"rotated": false,
					"trimmed": false,
					"sourceSize": {
						"w": 70,
						"h": 95
					},
					"spriteSourceSize": {
						"x": 0,
						"y": 0,
						"w": 70,
						"h": 95
					},
					"frame": {
						"x": 855,
						"y": 397,
						"w": 70,
						"h": 95
					},
					"anchor": {
						"x": 0.5,
						"y": 0.5
					}
				},
				{
					"filename": "plataformas/bloque_pulsador_azul_activado",
					"rotated": false,
					"trimmed": true,
					"sourceSize": {
						"w": 64,
						"h": 64
					},
					"spriteSourceSize": {
						"x": 3,
						"y": 42,
						"w": 59,
						"h": 22
					},
					"frame": {
						"x": 751,
						"y": 373,
						"w": 59,
						"h": 22
					},
					"anchor": {
						"x": 0.5,
						"y": 0.5
					}
				},
				{
					"filename": "objetos/paleta",
					"rotated": false,
					"trimmed": false,
					"sourceSize": {
						"w": 104,
						"h": 24
					},
					"spriteSourceSize": {
						"x": 0,
						"y": 0,
						"w": 104,
						"h": 24
					},
					"frame": {
						"x": 783,
						"y": 494,
						"w": 104,
						"h": 24
					},
					"anchor": {
						"x": 0.5,
						"y": 0.5
					}
				},
				{
					"filename": "bmo/bmo_salta",
					"rotated": false,
					"trimmed": true,
					"sourceSize": {
						"w": 96,
						"h": 96
					},
					"spriteSourceSize": {
						"x": 7,
						"y": 21,
						"w": 82,
						"h": 75
					},
					"frame": {
						"x": 560,
						"y": 494,
						"w": 82,
						"h": 75
					},
					"anchor": {
						"x": 0.5,
						"y": 0.5
					}
				},
				{
					"filename": "conejo/conejo_pierde",
					"rotated": false,
					"trimmed": false,
					"sourceSize": {
						"w": 75,
						"h": 87
					},
					"spriteSourceSize": {
						"x": 0,
						"y": 0,
						"w": 75,
						"h": 87
					},
					"frame": {
						"x": 644,
						"y": 495,
						"w": 75,
						"h": 87
					},
					"anchor": {
						"x": 0.5,
						"y": 0.5
					}
				},
				{
					"filename": "nave/nave",
					"rotated": false,
					"trimmed": false,
					"sourceSize": {
						"w": 60,
						"h": 79
					},
					"spriteSourceSize": {
						"x": 0,
						"y": 0,
						"w": 60,
						"h": 79
					},
					"frame": {
						"x": 721,
						"y": 501,
						"w": 60,
						"h": 79
					},
					"anchor": {
						"x": 0.5,
						"y": 0.5
					}
				},
				{
					"filename": "mono/mono_normal",
					"rotated": false,
					"trimmed": false,
					"sourceSize": {
						"w": 90,
						"h": 70
					},
					"spriteSourceSize": {
						"x": 0,
						"y": 0,
						"w": 90,
						"h": 70
					},
					"frame": {
						"x": 783,
						"y": 520,
						"w": 90,
						"h": 70
					},
					"anchor": {
						"x": 0.5,
						"y": 0.5
					}
				},
				{
					"filename": "mono/mono_reir",
					"rotated": false,
					"trimmed": false,
					"sourceSize": {
						"w": 90,
						"h": 70
					},
					"spriteSourceSize": {
						"x": 0,
						"y": 0,
						"w": 90,
						"h": 70
					},
					"frame": {
						"x": 301,
						"y": 669,
						"w": 90,
						"h": 70
					},
					"anchor": {
						"x": 0.5,
						"y": 0.5
					}
				},
				{
					"filename": "basicos/planeta",
					"rotated": false,
					"trimmed": false,
					"sourceSize": {
						"w": 80,
						"h": 80
					},
					"spriteSourceSize": {
						"x": 0,
						"y": 0,
						"w": 80,
						"h": 80
					},
					"frame": {
						"x": 332,
						"y": 741,
						"w": 80,
						"h": 80
					},
					"anchor": {
						"x": 0.5,
						"y": 0.5
					}
				},
				{
					"filename": "aliens/alien_azul",
					"rotated": false,
					"trimmed": false,
					"sourceSize": {
						"w": 64,
						"h": 75
					},
					"spriteSourceSize": {
						"x": 0,
						"y": 0,
						"w": 64,
						"h": 75
					},
					"frame": {
						"x": 302,
						"y": 592,
						"w": 64,
						"h": 75
					},
					"anchor": {
						"x": 0.5,
						"y": 0.5
					}
				},
				{
					"filename": "gallina/gallina_vuela_1",
					"rotated": false,
					"trimmed": false,
					"sourceSize": {
						"w": 74,
						"h": 72
					},
					"spriteSourceSize": {
						"x": 0,
						"y": 0,
						"w": 74,
						"h": 72
					},
					"frame": {
						"x": 313,
						"y": 518,
						"w": 74,
						"h": 72
					},
					"anchor": {
						"x": 0.5,
						"y": 0.5
					}
				},
				{
					"filename": "aliens/martian_5",
					"rotated": false,
					"trimmed": true,
					"sourceSize": {
						"w": 64,
						"h": 67
					},
					"spriteSourceSize": {
						"x": 16,
						"y": 1,
						"w": 45,
						"h": 66
					},
					"frame": {
						"x": 389,
						"y": 500,
						"w": 45,
						"h": 66
					},
					"anchor": {
						"x": 0.5,
						"y": 0.5
					}
				},
				{
					"filename": "bmo/bmo_agachado",
					"rotated": false,
					"trimmed": true,
					"sourceSize": {
						"w": 96,
						"h": 96
					},
					"spriteSourceSize": {
						"x": 6,
						"y": 34,
						"w": 86,
						"h": 62
					},
					"frame": {
						"x": 436,
						"y": 518,
						"w": 86,
						"h": 62
					},
					"anchor": {
						"x": 0.5,
						"y": 0.5
					}
				},
				{
					"filename": "dado/dado_1",
					"rotated": false,
					"trimmed": false,
					"sourceSize": {
						"w": 34,
						"h": 34
					},
					"spriteSourceSize": {
						"x": 0,
						"y": 0,
						"w": 34,
						"h": 34
					},
					"frame": {
						"x": 524,
						"y": 517,
						"w": 34,
						"h": 34
					},
					"anchor": {
						"x": 0.5,
						"y": 0.5
					}
				},
				{
					"filename": "explosion/explosion_002",
					"rotated": false,
					"trimmed": true,
					"sourceSize": {
						"w": 162,
						"h": 144
					},
					"spriteSourceSize": {
						"x": 43,
						"y": 32,
						"w": 83,
						"h": 73
					},
					"frame": {
						"x": 332,
						"y": 823,
						"w": 83,
						"h": 73
					},
					"anchor": {
						"x": 0.5,
						"y": 0.5
					}
				},
				{
					"filename": "objetos/bomba",
					"rotated": false,
					"trimmed": false,
					"sourceSize": {
						"w": 55,
						"h": 74
					},
					"spriteSourceSize": {
						"x": 0,
						"y": 0,
						"w": 55,
						"h": 74
					},
					"frame": {
						"x": 368,
						"y": 592,
						"w": 55,
						"h": 74
					},
					"anchor": {
						"x": 0.5,
						"y": 0.5
					}
				},
				{
					"filename": "botones/botones_a",
					"rotated": false,
					"trimmed": false,
					"sourceSize": {
						"w": 80,
						"h": 80
					},
					"spriteSourceSize": {
						"x": 0,
						"y": 0,
						"w": 80,
						"h": 80
					},
					"frame": {
						"x": 425,
						"y": 582,
						"w": 80,
						"h": 80
					},
					"anchor": {
						"x": 0.5,
						"y": 0.5
					}
				},
				{
					"filename": "bmo/bmo_celebra",
					"rotated": false,
					"trimmed": true,
					"sourceSize": {
						"w": 96,
						"h": 96
					},
					"spriteSourceSize": {
						"x": 7,
						"y": 25,
						"w": 82,
						"h": 71
					},
					"frame": {
						"x": 393,
						"y": 668,
						"w": 82,
						"h": 71
					},
					"anchor": {
						"x": 0.5,
						"y": 0.5
					}
				},
				{
					"filename": "botones/botones_abajo",
					"rotated": false,
					"trimmed": false,
					"sourceSize": {
						"w": 80,
						"h": 80
					},
					"spriteSourceSize": {
						"x": 0,
						"y": 0,
						"w": 80,
						"h": 80
					},
					"frame": {
						"x": 414,
						"y": 741,
						"w": 80,
						"h": 80
					},
					"anchor": {
						"x": 0.5,
						"y": 0.5
					}
				},
				{
					"filename": "botones/botones_arriba",
					"rotated": false,
					"trimmed": false,
					"sourceSize": {
						"w": 80,
						"h": 80
					},
					"spriteSourceSize": {
						"x": 0,
						"y": 0,
						"w": 80,
						"h": 80
					},
					"frame": {
						"x": 417,
						"y": 823,
						"w": 80,
						"h": 80
					},
					"anchor": {
						"x": 0.5,
						"y": 0.5
					}
				},
				{
					"filename": "enemigos/fantasma_asustando",
					"rotated": false,
					"trimmed": false,
					"sourceSize": {
						"w": 51,
						"h": 73
					},
					"spriteSourceSize": {
						"x": 0,
						"y": 0,
						"w": 51,
						"h": 73
					},
					"frame": {
						"x": 477,
						"y": 664,
						"w": 51,
						"h": 73
					},
					"anchor": {
						"x": 0.5,
						"y": 0.5
					}
				},
				{
					"filename": "botones/botones_b",
					"rotated": false,
					"trimmed": false,
					"sourceSize": {
						"w": 80,
						"h": 80
					},
					"spriteSourceSize": {
						"x": 0,
						"y": 0,
						"w": 80,
						"h": 80
					},
					"frame": {
						"x": 507,
						"y": 582,
						"w": 80,
						"h": 80
					},
					"anchor": {
						"x": 0.5,
						"y": 0.5
					}
				},
				{
					"filename": "botones/botones_derecha",
					"rotated": false,
					"trimmed": false,
					"sourceSize": {
						"w": 80,
						"h": 80
					},
					"spriteSourceSize": {
						"x": 0,
						"y": 0,
						"w": 80,
						"h": 80
					},
					"frame": {
						"x": 530,
						"y": 664,
						"w": 80,
						"h": 80
					},
					"anchor": {
						"x": 0.5,
						"y": 0.5
					}
				},
				{
					"filename": "bmo/bmo_escala_2",
					"rotated": false,
					"trimmed": true,
					"sourceSize": {
						"w": 96,
						"h": 96
					},
					"spriteSourceSize": {
						"x": 14,
						"y": 18,
						"w": 76,
						"h": 78
					},
					"frame": {
						"x": 589,
						"y": 584,
						"w": 76,
						"h": 78
					},
					"anchor": {
						"x": 0.5,
						"y": 0.5
					}
				},
				{
					"filename": "botones/botones_izquierda",
					"rotated": false,
					"trimmed": false,
					"sourceSize": {
						"w": 80,
						"h": 80
					},
					"spriteSourceSize": {
						"x": 0,
						"y": 0,
						"w": 80,
						"h": 80
					},
					"frame": {
						"x": 612,
						"y": 664,
						"w": 80,
						"h": 80
					},
					"anchor": {
						"x": 0.5,
						"y": 0.5
					}
				},
				{
					"filename": "gallina/gallina_sin_piel",
					"rotated": false,
					"trimmed": false,
					"sourceSize": {
						"w": 67,
						"h": 77
					},
					"spriteSourceSize": {
						"x": 0,
						"y": 0,
						"w": 67,
						"h": 77
					},
					"frame": {
						"x": 667,
						"y": 584,
						"w": 67,
						"h": 77
					},
					"anchor": {
						"x": 0.5,
						"y": 0.5
					}
				},
				{
					"filename": "bmo/bmo_escala_1",
					"rotated": false,
					"trimmed": true,
					"sourceSize": {
						"w": 96,
						"h": 96
					},
					"spriteSourceSize": {
						"x": 14,
						"y": 16,
						"w": 77,
						"h": 80
					},
					"frame": {
						"x": 694,
						"y": 663,
						"w": 77,
						"h": 80
					},
					"anchor": {
						"x": 0.5,
						"y": 0.5
					}
				},
				{
					"filename": "bmo/bmo_camina_2",
					"rotated": false,
					"trimmed": true,
					"sourceSize": {
						"w": 96,
						"h": 96
					},
					"spriteSourceSize": {
						"x": 8,
						"y": 27,
						"w": 80,
						"h": 69
					},
					"frame": {
						"x": 736,
						"y": 592,
						"w": 80,
						"h": 69
					},
					"anchor": {
						"x": 0.5,
						"y": 0.5
					}
				},
				{
					"filename": "gallina/gallina_vuela_3",
					"rotated": false,
					"trimmed": false,
					"sourceSize": {
						"w": 74,
						"h": 72
					},
					"spriteSourceSize": {
						"x": 0,
						"y": 0,
						"w": 74,
						"h": 72
					},
					"frame": {
						"x": 818,
						"y": 592,
						"w": 74,
						"h": 72
					},
					"anchor": {
						"x": 0.5,
						"y": 0.5
					}
				},
				{
					"filename": "bmo/bmo_camina_1",
					"rotated": false,
					"trimmed": true,
					"sourceSize": {
						"w": 96,
						"h": 96
					},
					"spriteSourceSize": {
						"x": 11,
						"y": 29,
						"w": 74,
						"h": 67
					},
					"frame": {
						"x": 496,
						"y": 746,
						"w": 74,
						"h": 67
					},
					"anchor": {
						"x": 0.5,
						"y": 0.5
					}
				},
				{
					"filename": "bmo/bmo_parado",
					"rotated": false,
					"trimmed": true,
					"sourceSize": {
						"w": 96,
						"h": 96
					},
					"spriteSourceSize": {
						"x": 14,
						"y": 29,
						"w": 68,
						"h": 67
					},
					"frame": {
						"x": 572,
						"y": 746,
						"w": 68,
						"h": 67
					},
					"anchor": {
						"x": 0.5,
						"y": 0.5
					}
				},
				{
					"filename": "tanque/tanque_base",
					"rotated": false,
					"trimmed": false,
					"sourceSize": {
						"w": 83,
						"h": 49
					},
					"spriteSourceSize": {
						"x": 0,
						"y": 0,
						"w": 83,
						"h": 49
					},
					"frame": {
						"x": 499,
						"y": 815,
						"w": 83,
						"h": 49
					},
					"anchor": {
						"x": 0.5,
						"y": 0.5
					}
				},
				{
					"filename": "enemigos/fantasma_normal",
					"rotated": false,
					"trimmed": false,
					"sourceSize": {
						"w": 51,
						"h": 73
					},
					"spriteSourceSize": {
						"x": 0,
						"y": 0,
						"w": 51,
						"h": 73
					},
					"frame": {
						"x": 642,
						"y": 746,
						"w": 51,
						"h": 73
					},
					"anchor": {
						"x": 0.5,
						"y": 0.5
					}
				},
				{
					"filename": "cursores/cursor_circular",
					"rotated": false,
					"trimmed": true,
					"sourceSize": {
						"w": 72,
						"h": 72
					},
					"spriteSourceSize": {
						"x": 3,
						"y": 3,
						"w": 66,
						"h": 66
					},
					"frame": {
						"x": 695,
						"y": 745,
						"w": 66,
						"h": 66
					},
					"anchor": {
						"x": 0.5,
						"y": 0.5
					}
				},
				{
					"filename": "tanque/tanque_ruedas",
					"rotated": false,
					"trimmed": false,
					"sourceSize": {
						"w": 74,
						"h": 35
					},
					"spriteSourceSize": {
						"x": 0,
						"y": 0,
						"w": 74,
						"h": 35
					},
					"frame": {
						"x": 499,
						"y": 866,
						"w": 74,
						"h": 35
					},
					"anchor": {
						"x": 0.5,
						"y": 0.5
					}
				},
				{
					"filename": "objetos/asteroide_grande",
					"rotated": false,
					"trimmed": false,
					"sourceSize": {
						"w": 55,
						"h": 54
					},
					"spriteSourceSize": {
						"x": 0,
						"y": 0,
						"w": 55,
						"h": 54
					},
					"frame": {
						"x": 584,
						"y": 815,
						"w": 55,
						"h": 54
					},
					"anchor": {
						"x": 0.5,
						"y": 0.5
					}
				},
				{
					"filename": "nave/nave_enemiga_2",
					"rotated": false,
					"trimmed": false,
					"sourceSize": {
						"w": 50,
						"h": 70
					},
					"spriteSourceSize": {
						"x": 0,
						"y": 0,
						"w": 50,
						"h": 70
					},
					"frame": {
						"x": 499,
						"y": 903,
						"w": 50,
						"h": 70
					},
					"anchor": {
						"x": 0.5,
						"y": 0.5
					}
				},
				{
					"filename": "basicos/logo",
					"rotated": false,
					"trimmed": true,
					"sourceSize": {
						"w": 60,
						"h": 60
					},
					"spriteSourceSize": {
						"x": 10,
						"y": 0,
						"w": 41,
						"h": 60
					},
					"frame": {
						"x": 773,
						"y": 663,
						"w": 41,
						"h": 60
					},
					"anchor": {
						"x": 0.5,
						"y": 0.5
					}
				},
				{
					"filename": "efectos/humo-02",
					"rotated": false,
					"trimmed": true,
					"sourceSize": {
						"w": 161,
						"h": 162
					},
					"spriteSourceSize": {
						"x": 47,
						"y": 59,
						"w": 66,
						"h": 64
					},
					"frame": {
						"x": 816,
						"y": 666,
						"w": 66,
						"h": 64
					},
					"anchor": {
						"x": 0.5,
						"y": 0.5
					}
				},
				{
					"filename": "carreras/asfalto_1",
					"rotated": false,
					"trimmed": false,
					"sourceSize": {
						"w": 64,
						"h": 64
					},
					"spriteSourceSize": {
						"x": 0,
						"y": 0,
						"w": 64,
						"h": 64
					},
					"frame": {
						"x": 641,
						"y": 821,
						"w": 64,
						"h": 64
					},
					"anchor": {
						"x": 0.5,
						"y": 0.5
					}
				},
				{
					"filename": "carreras/asfalto_2",
					"rotated": false,
					"trimmed": false,
					"sourceSize": {
						"w": 64,
						"h": 64
					},
					"spriteSourceSize": {
						"x": 0,
						"y": 0,
						"w": 64,
						"h": 64
					},
					"frame": {
						"x": 707,
						"y": 813,
						"w": 64,
						"h": 64
					},
					"anchor": {
						"x": 0.5,
						"y": 0.5
					}
				},
				{
					"filename": "objetos/bloque_arkanoid_amarillo",
					"rotated": false,
					"trimmed": false,
					"sourceSize": {
						"w": 64,
						"h": 32
					},
					"spriteSourceSize": {
						"x": 0,
						"y": 0,
						"w": 64,
						"h": 32
					},
					"frame": {
						"x": 575,
						"y": 871,
						"w": 64,
						"h": 32
					},
					"anchor": {
						"x": 0.5,
						"y": 0.5
					}
				},
				{
					"filename": "carreras/asfalto_3",
					"rotated": false,
					"trimmed": false,
					"sourceSize": {
						"w": 64,
						"h": 64
					},
					"spriteSourceSize": {
						"x": 0,
						"y": 0,
						"w": 64,
						"h": 64
					},
					"frame": {
						"x": 551,
						"y": 905,
						"w": 64,
						"h": 64
					},
					"anchor": {
						"x": 0.5,
						"y": 0.5
					}
				},
				{
					"filename": "mini-explosion/explosion_2",
					"rotated": false,
					"trimmed": true,
					"sourceSize": {
						"w": 32,
						"h": 32
					},
					"spriteSourceSize": {
						"x": 2,
						"y": 3,
						"w": 29,
						"h": 27
					},
					"frame": {
						"x": 524,
						"y": 553,
						"w": 29,
						"h": 27
					},
					"anchor": {
						"x": 0.5,
						"y": 0.5
					}
				},
				{
					"filename": "disparos/laser_2",
					"rotated": false,
					"trimmed": false,
					"sourceSize": {
						"w": 54,
						"h": 9
					},
					"spriteSourceSize": {
						"x": 0,
						"y": 0,
						"w": 54,
						"h": 9
					},
					"frame": {
						"x": 555,
						"y": 571,
						"w": 54,
						"h": 9
					},
					"anchor": {
						"x": 0.5,
						"y": 0.5
					}
				},
				{
					"filename": "objetos/zanahoria_normal",
					"rotated": false,
					"trimmed": true,
					"sourceSize": {
						"w": 64,
						"h": 64
					},
					"spriteSourceSize": {
						"x": 17,
						"y": 0,
						"w": 32,
						"h": 64
					},
					"frame": {
						"x": 617,
						"y": 905,
						"w": 32,
						"h": 64
					},
					"anchor": {
						"x": 0.5,
						"y": 0.5
					}
				},
				{
					"filename": "carreras/asfalto_4",
					"rotated": false,
					"trimmed": false,
					"sourceSize": {
						"w": 64,
						"h": 64
					},
					"spriteSourceSize": {
						"x": 0,
						"y": 0,
						"w": 64,
						"h": 64
					},
					"frame": {
						"x": 651,
						"y": 887,
						"w": 64,
						"h": 64
					},
					"anchor": {
						"x": 0.5,
						"y": 0.5
					}
				},
				{
					"filename": "figuras/circulo_azul",
					"rotated": false,
					"trimmed": false,
					"sourceSize": {
						"w": 64,
						"h": 64
					},
					"spriteSourceSize": {
						"x": 0,
						"y": 0,
						"w": 64,
						"h": 64
					},
					"frame": {
						"x": 717,
						"y": 879,
						"w": 64,
						"h": 64
					},
					"anchor": {
						"x": 0.5,
						"y": 0.5
					}
				},
				{
					"filename": "carreras/auto_amarillo",
					"rotated": false,
					"trimmed": false,
					"sourceSize": {
						"w": 70,
						"h": 39
					},
					"spriteSourceSize": {
						"x": 0,
						"y": 0,
						"w": 70,
						"h": 39
					},
					"frame": {
						"x": 198,
						"y": 838,
						"w": 70,
						"h": 39
					},
					"anchor": {
						"x": 0.5,
						"y": 0.5
					}
				},
				{
					"filename": "enemigos/rana",
					"rotated": false,
					"trimmed": false,
					"sourceSize": {
						"w": 58,
						"h": 39
					},
					"spriteSourceSize": {
						"x": 0,
						"y": 0,
						"w": 58,
						"h": 39
					},
					"frame": {
						"x": 270,
						"y": 844,
						"w": 58,
						"h": 39
					},
					"anchor": {
						"x": 0.5,
						"y": 0.5
					}
				},
				{
					"filename": "objetos/zanahoria_sonrie",
					"rotated": false,
					"trimmed": true,
					"sourceSize": {
						"w": 64,
						"h": 64
					},
					"spriteSourceSize": {
						"x": 17,
						"y": 0,
						"w": 32,
						"h": 64
					},
					"frame": {
						"x": 927,
						"y": 397,
						"w": 32,
						"h": 64
					},
					"anchor": {
						"x": 0.5,
						"y": 0.5
					}
				},
				{
					"filename": "figuras/circulo_blanco",
					"rotated": false,
					"trimmed": false,
					"sourceSize": {
						"w": 64,
						"h": 64
					},
					"spriteSourceSize": {
						"x": 0,
						"y": 0,
						"w": 64,
						"h": 64
					},
					"frame": {
						"x": 961,
						"y": 393,
						"w": 64,
						"h": 64
					},
					"anchor": {
						"x": 0.5,
						"y": 0.5
					}
				},
				{
					"filename": "nave/nave_reposo",
					"rotated": false,
					"trimmed": true,
					"sourceSize": {
						"w": 46,
						"h": 45
					},
					"spriteSourceSize": {
						"x": 7,
						"y": 2,
						"w": 38,
						"h": 41
					},
					"frame": {
						"x": 1027,
						"y": 393,
						"w": 38,
						"h": 41
					},
					"anchor": {
						"x": 0.5,
						"y": 0.5
					}
				},
				{
					"filename": "carreras/auto_verde",
					"rotated": false,
					"trimmed": false,
					"sourceSize": {
						"w": 70,
						"h": 39
					},
					"spriteSourceSize": {
						"x": 0,
						"y": 0,
						"w": 70,
						"h": 39
					},
					"frame": {
						"x": 1067,
						"y": 415,
						"w": 70,
						"h": 39
					},
					"anchor": {
						"x": 0.5,
						"y": 0.5
					}
				},
				{
					"filename": "carreras/auto_azul",
					"rotated": false,
					"trimmed": false,
					"sourceSize": {
						"w": 65,
						"h": 39
					},
					"spriteSourceSize": {
						"x": 0,
						"y": 0,
						"w": 65,
						"h": 39
					},
					"frame": {
						"x": 1139,
						"y": 415,
						"w": 65,
						"h": 39
					},
					"anchor": {
						"x": 0.5,
						"y": 0.5
					}
				},
				{
					"filename": "redimensionables/dialogo",
					"rotated": false,
					"trimmed": true,
					"sourceSize": {
						"w": 48,
						"h": 48
					},
					"spriteSourceSize": {
						"x": 4,
						"y": 5,
						"w": 44,
						"h": 43
					},
					"frame": {
						"x": 1206,
						"y": 405,
						"w": 44,
						"h": 43
					},
					"anchor": {
						"x": 0.5,
						"y": 0.5
					}
				},
				{
					"filename": "tanque/tanque_disparo",
					"rotated": false,
					"trimmed": false,
					"sourceSize": {
						"w": 38,
						"h": 26
					},
					"spriteSourceSize": {
						"x": 0,
						"y": 0,
						"w": 38,
						"h": 26
					},
					"frame": {
						"x": 1027,
						"y": 436,
						"w": 38,
						"h": 26
					},
					"anchor": {
						"x": 0.5,
						"y": 0.5
					}
				},
				{
					"filename": "figuras/circulo_negro",
					"rotated": false,
					"trimmed": false,
					"sourceSize": {
						"w": 64,
						"h": 64
					},
					"spriteSourceSize": {
						"x": 0,
						"y": 0,
						"w": 64,
						"h": 64
					},
					"frame": {
						"x": 875,
						"y": 520,
						"w": 64,
						"h": 64
					},
					"anchor": {
						"x": 0.5,
						"y": 0.5
					}
				},
				{
					"filename": "figuras/circulo_rojo",
					"rotated": false,
					"trimmed": false,
					"sourceSize": {
						"w": 64,
						"h": 64
					},
					"spriteSourceSize": {
						"x": 0,
						"y": 0,
						"w": 64,
						"h": 64
					},
					"frame": {
						"x": 894,
						"y": 586,
						"w": 64,
						"h": 64
					},
					"anchor": {
						"x": 0.5,
						"y": 0.5
					}
				},
				{
					"filename": "objetos/bloque_arkanoid_azul",
					"rotated": false,
					"trimmed": false,
					"sourceSize": {
						"w": 64,
						"h": 32
					},
					"spriteSourceSize": {
						"x": 0,
						"y": 0,
						"w": 64,
						"h": 32
					},
					"frame": {
						"x": 894,
						"y": 652,
						"w": 64,
						"h": 32
					},
					"anchor": {
						"x": 0.5,
						"y": 0.5
					}
				},
				{
					"filename": "figuras/circulo_verde",
					"rotated": false,
					"trimmed": false,
					"sourceSize": {
						"w": 64,
						"h": 64
					},
					"spriteSourceSize": {
						"x": 0,
						"y": 0,
						"w": 64,
						"h": 64
					},
					"frame": {
						"x": 884,
						"y": 686,
						"w": 64,
						"h": 64
					},
					"anchor": {
						"x": 0.5,
						"y": 0.5
					}
				},
				{
					"filename": "efectos/golpe-1",
					"rotated": false,
					"trimmed": true,
					"sourceSize": {
						"w": 173,
						"h": 169
					},
					"spriteSourceSize": {
						"x": 76,
						"y": 74,
						"w": 25,
						"h": 24
					},
					"frame": {
						"x": 889,
						"y": 494,
						"w": 25,
						"h": 24
					},
					"anchor": {
						"x": 0.5,
						"y": 0.5
					}
				},
				{
					"filename": "figuras/cuadrado_azul",
					"rotated": false,
					"trimmed": false,
					"sourceSize": {
						"w": 64,
						"h": 64
					},
					"spriteSourceSize": {
						"x": 0,
						"y": 0,
						"w": 64,
						"h": 64
					},
					"frame": {
						"x": 763,
						"y": 745,
						"w": 64,
						"h": 64
					},
					"anchor": {
						"x": 0.5,
						"y": 0.5
					}
				},
				{
					"filename": "figuras/cuadrado_blanco",
					"rotated": false,
					"trimmed": false,
					"sourceSize": {
						"w": 64,
						"h": 64
					},
					"spriteSourceSize": {
						"x": 0,
						"y": 0,
						"w": 64,
						"h": 64
					},
					"frame": {
						"x": 773,
						"y": 811,
						"w": 64,
						"h": 64
					},
					"anchor": {
						"x": 0.5,
						"y": 0.5
					}
				},
				{
					"filename": "figuras/cuadrado_negro",
					"rotated": false,
					"trimmed": false,
					"sourceSize": {
						"w": 64,
						"h": 64
					},
					"spriteSourceSize": {
						"x": 0,
						"y": 0,
						"w": 64,
						"h": 64
					},
					"frame": {
						"x": 783,
						"y": 877,
						"w": 64,
						"h": 64
					},
					"anchor": {
						"x": 0.5,
						"y": 0.5
					}
				},
				{
					"filename": "aliens/martian_9",
					"rotated": false,
					"trimmed": true,
					"sourceSize": {
						"w": 64,
						"h": 67
					},
					"spriteSourceSize": {
						"x": 11,
						"y": 3,
						"w": 52,
						"h": 64
					},
					"frame": {
						"x": 829,
						"y": 732,
						"w": 52,
						"h": 64
					},
					"anchor": {
						"x": 0.5,
						"y": 0.5
					}
				},
				{
					"filename": "figuras/cuadrado_rojo",
					"rotated": false,
					"trimmed": false,
					"sourceSize": {
						"w": 64,
						"h": 64
					},
					"spriteSourceSize": {
						"x": 0,
						"y": 0,
						"w": 64,
						"h": 64
					},
					"frame": {
						"x": 883,
						"y": 752,
						"w": 64,
						"h": 64
					},
					"anchor": {
						"x": 0.5,
						"y": 0.5
					}
				},
				{
					"filename": "nave/nave_avanza_2",
					"rotated": false,
					"trimmed": true,
					"sourceSize": {
						"w": 46,
						"h": 45
					},
					"spriteSourceSize": {
						"x": 3,
						"y": 2,
						"w": 42,
						"h": 41
					},
					"frame": {
						"x": 839,
						"y": 798,
						"w": 42,
						"h": 41
					},
					"anchor": {
						"x": 0.5,
						"y": 0.5
					}
				},
				{
					"filename": "plataformas/bloque_pulsador_azul_desactivado",
					"rotated": false,
					"trimmed": true,
					"sourceSize": {
						"w": 64,
						"h": 64
					},
					"spriteSourceSize": {
						"x": 3,
						"y": 30,
						"w": 58,
						"h": 34
					},
					"frame": {
						"x": 839,
						"y": 841,
						"w": 58,
						"h": 34
					},
					"anchor": {
						"x": 0.5,
						"y": 0.5
					}
				},
				{
					"filename": "figuras/cuadrado_verde",
					"rotated": false,
					"trimmed": false,
					"sourceSize": {
						"w": 64,
						"h": 64
					},
					"spriteSourceSize": {
						"x": 0,
						"y": 0,
						"w": 64,
						"h": 64
					},
					"frame": {
						"x": 849,
						"y": 877,
						"w": 64,
						"h": 64
					},
					"anchor": {
						"x": 0.5,
						"y": 0.5
					}
				},
				{
					"filename": "enemigos/rana-golpe",
					"rotated": false,
					"trimmed": false,
					"sourceSize": {
						"w": 61,
						"h": 54
					},
					"spriteSourceSize": {
						"x": 0,
						"y": 0,
						"w": 61,
						"h": 54
					},
					"frame": {
						"x": 899,
						"y": 818,
						"w": 61,
						"h": 54
					},
					"anchor": {
						"x": 0.5,
						"y": 0.5
					}
				},
				{
					"filename": "objetos/engranaje",
					"rotated": false,
					"trimmed": false,
					"sourceSize": {
						"w": 64,
						"h": 64
					},
					"spriteSourceSize": {
						"x": 0,
						"y": 0,
						"w": 64,
						"h": 64
					},
					"frame": {
						"x": 915,
						"y": 874,
						"w": 64,
						"h": 64
					},
					"anchor": {
						"x": 0.5,
						"y": 0.5
					}
				},
				{
					"filename": "objetos/mira",
					"rotated": false,
					"trimmed": false,
					"sourceSize": {
						"w": 64,
						"h": 64
					},
					"spriteSourceSize": {
						"x": 0,
						"y": 0,
						"w": 64,
						"h": 64
					},
					"frame": {
						"x": 949,
						"y": 752,
						"w": 64,
						"h": 64
					},
					"anchor": {
						"x": 0.5,
						"y": 0.5
					}
				},
				{
					"filename": "plataformas/bloque_azul",
					"rotated": false,
					"trimmed": false,
					"sourceSize": {
						"w": 64,
						"h": 64
					},
					"spriteSourceSize": {
						"x": 0,
						"y": 0,
						"w": 64,
						"h": 64
					},
					"frame": {
						"x": 950,
						"y": 686,
						"w": 64,
						"h": 64
					},
					"anchor": {
						"x": 0.5,
						"y": 0.5
					}
				},
				{
					"filename": "enemigos/rana-salta",
					"rotated": false,
					"trimmed": false,
					"sourceSize": {
						"w": 61,
						"h": 54
					},
					"spriteSourceSize": {
						"x": 0,
						"y": 0,
						"w": 61,
						"h": 54
					},
					"frame": {
						"x": 962,
						"y": 818,
						"w": 61,
						"h": 54
					},
					"anchor": {
						"x": 0.5,
						"y": 0.5
					}
				},
				{
					"filename": "plataformas/bloque_cemento",
					"rotated": false,
					"trimmed": false,
					"sourceSize": {
						"w": 64,
						"h": 64
					},
					"spriteSourceSize": {
						"x": 0,
						"y": 0,
						"w": 64,
						"h": 64
					},
					"frame": {
						"x": 981,
						"y": 874,
						"w": 64,
						"h": 64
					},
					"anchor": {
						"x": 0.5,
						"y": 0.5
					}
				},
				{
					"filename": "objetos/diamante_azul",
					"rotated": false,
					"trimmed": true,
					"sourceSize": {
						"w": 64,
						"h": 64
					},
					"spriteSourceSize": {
						"x": 14,
						"y": 17,
						"w": 37,
						"h": 30
					},
					"frame": {
						"x": 783,
						"y": 943,
						"w": 37,
						"h": 30
					},
					"anchor": {
						"x": 0.5,
						"y": 0.5
					}
				},
				{
					"filename": "objetos/diamante_rojo",
					"rotated": false,
					"trimmed": true,
					"sourceSize": {
						"w": 64,
						"h": 64
					},
					"spriteSourceSize": {
						"x": 14,
						"y": 17,
						"w": 37,
						"h": 30
					},
					"frame": {
						"x": 822,
						"y": 943,
						"w": 37,
						"h": 30
					},
					"anchor": {
						"x": 0.5,
						"y": 0.5
					}
				},
				{
					"filename": "objetos/diamante_verde",
					"rotated": false,
					"trimmed": true,
					"sourceSize": {
						"w": 64,
						"h": 64
					},
					"spriteSourceSize": {
						"x": 14,
						"y": 17,
						"w": 37,
						"h": 30
					},
					"frame": {
						"x": 861,
						"y": 943,
						"w": 37,
						"h": 30
					},
					"anchor": {
						"x": 0.5,
						"y": 0.5
					}
				},
				{
					"filename": "explosion/explosion_001",
					"rotated": false,
					"trimmed": true,
					"sourceSize": {
						"w": 162,
						"h": 144
					},
					"spriteSourceSize": {
						"x": 66,
						"y": 51,
						"w": 32,
						"h": 30
					},
					"frame": {
						"x": 900,
						"y": 943,
						"w": 32,
						"h": 30
					},
					"anchor": {
						"x": 0.5,
						"y": 0.5
					}
				},
				{
					"filename": "objetos/asteroide_medio",
					"rotated": false,
					"trimmed": true,
					"sourceSize": {
						"w": 35,
						"h": 36
					},
					"spriteSourceSize": {
						"x": 1,
						"y": 3,
						"w": 32,
						"h": 33
					},
					"frame": {
						"x": 934,
						"y": 940,
						"w": 32,
						"h": 33
					},
					"anchor": {
						"x": 0.5,
						"y": 0.5
					}
				},
				{
					"filename": "objetos/bloque_arkanoid_verde",
					"rotated": false,
					"trimmed": false,
					"sourceSize": {
						"w": 64,
						"h": 32
					},
					"spriteSourceSize": {
						"x": 0,
						"y": 0,
						"w": 64,
						"h": 32
					},
					"frame": {
						"x": 968,
						"y": 940,
						"w": 64,
						"h": 32
					},
					"anchor": {
						"x": 0.5,
						"y": 0.5
					}
				},
				{
					"filename": "plataformas/bloque_escalera",
					"rotated": false,
					"trimmed": false,
					"sourceSize": {
						"w": 64,
						"h": 64
					},
					"spriteSourceSize": {
						"x": 0,
						"y": 0,
						"w": 64,
						"h": 64
					},
					"frame": {
						"x": 1015,
						"y": 752,
						"w": 64,
						"h": 64
					},
					"anchor": {
						"x": 0.5,
						"y": 0.5
					}
				},
				{
					"filename": "objetos/pelota",
					"rotated": false,
					"trimmed": false,
					"sourceSize": {
						"w": 55,
						"h": 54
					},
					"spriteSourceSize": {
						"x": 0,
						"y": 0,
						"w": 55,
						"h": 54
					},
					"frame": {
						"x": 1025,
						"y": 818,
						"w": 55,
						"h": 54
					},
					"anchor": {
						"x": 0.5,
						"y": 0.5
					}
				},
				{
					"filename": "plataformas/bloque_gris",
					"rotated": false,
					"trimmed": false,
					"sourceSize": {
						"w": 64,
						"h": 64
					},
					"spriteSourceSize": {
						"x": 0,
						"y": 0,
						"w": 64,
						"h": 64
					},
					"frame": {
						"x": 1047,
						"y": 874,
						"w": 64,
						"h": 64
					},
					"anchor": {
						"x": 0.5,
						"y": 0.5
					}
				},
				{
					"filename": "pixelados/pixel_player_2",
					"rotated": false,
					"trimmed": false,
					"sourceSize": {
						"w": 27,
						"h": 33
					},
					"spriteSourceSize": {
						"x": 0,
						"y": 0,
						"w": 27,
						"h": 33
					},
					"frame": {
						"x": 1034,
						"y": 940,
						"w": 27,
						"h": 33
					},
					"anchor": {
						"x": 0.5,
						"y": 0.5
					}
				},
				{
					"filename": "pixelados/pixel_player_0",
					"rotated": false,
					"trimmed": true,
					"sourceSize": {
						"w": 27,
						"h": 33
					},
					"spriteSourceSize": {
						"x": 2,
						"y": 0,
						"w": 23,
						"h": 33
					},
					"frame": {
						"x": 1063,
						"y": 940,
						"w": 23,
						"h": 33
					},
					"anchor": {
						"x": 0.5,
						"y": 0.5
					}
				},
				{
					"filename": "pixelados/pixel_player_1",
					"rotated": false,
					"trimmed": true,
					"sourceSize": {
						"w": 27,
						"h": 33
					},
					"spriteSourceSize": {
						"x": 2,
						"y": 0,
						"w": 23,
						"h": 33
					},
					"frame": {
						"x": 1088,
						"y": 940,
						"w": 23,
						"h": 33
					},
					"anchor": {
						"x": 0.5,
						"y": 0.5
					}
				},
				{
					"filename": "enemigos/enemigo-verde-golpeado",
					"rotated": false,
					"trimmed": true,
					"sourceSize": {
						"w": 57,
						"h": 34
					},
					"spriteSourceSize": {
						"x": 0,
						"y": 20,
						"w": 57,
						"h": 14
					},
					"frame": {
						"x": 322,
						"y": 271,
						"w": 57,
						"h": 14
					},
					"anchor": {
						"x": 0.5,
						"y": 0.5
					}
				},
				{
					"filename": "plataformas/bloque_ladrillo",
					"rotated": false,
					"trimmed": false,
					"sourceSize": {
						"w": 64,
						"h": 64
					},
					"spriteSourceSize": {
						"x": 0,
						"y": 0,
						"w": 64,
						"h": 64
					},
					"frame": {
						"x": 961,
						"y": 459,
						"w": 64,
						"h": 64
					},
					"anchor": {
						"x": 0.5,
						"y": 0.5
					}
				},
				{
					"filename": "objetos/torreta",
					"rotated": false,
					"trimmed": true,
					"sourceSize": {
						"w": 32,
						"h": 60
					},
					"spriteSourceSize": {
						"x": 0,
						"y": 0,
						"w": 32,
						"h": 49
					},
					"frame": {
						"x": 927,
						"y": 463,
						"w": 32,
						"h": 49
					},
					"anchor": {
						"x": 0.5,
						"y": 0.5
					}
				},
				{
					"filename": "plataformas/bloque_para_llave",
					"rotated": false,
					"trimmed": false,
					"sourceSize": {
						"w": 64,
						"h": 64
					},
					"spriteSourceSize": {
						"x": 0,
						"y": 0,
						"w": 64,
						"h": 64
					},
					"frame": {
						"x": 1027,
						"y": 464,
						"w": 64,
						"h": 64
					},
					"anchor": {
						"x": 0.5,
						"y": 0.5
					}
				},
				{
					"filename": "plataformas/bloque_pasto",
					"rotated": false,
					"trimmed": false,
					"sourceSize": {
						"w": 64,
						"h": 64
					},
					"spriteSourceSize": {
						"x": 0,
						"y": 0,
						"w": 64,
						"h": 64
					},
					"frame": {
						"x": 1093,
						"y": 456,
						"w": 64,
						"h": 64
					},
					"anchor": {
						"x": 0.5,
						"y": 0.5
					}
				},
				{
					"filename": "plataformas/bloque_tierra",
					"rotated": false,
					"trimmed": false,
					"sourceSize": {
						"w": 64,
						"h": 64
					},
					"spriteSourceSize": {
						"x": 0,
						"y": 0,
						"w": 64,
						"h": 64
					},
					"frame": {
						"x": 1159,
						"y": 456,
						"w": 64,
						"h": 64
					},
					"anchor": {
						"x": 0.5,
						"y": 0.5
					}
				},
				{
					"filename": "plataformas/bloque_escalera_superior",
					"rotated": false,
					"trimmed": true,
					"sourceSize": {
						"w": 64,
						"h": 64
					},
					"spriteSourceSize": {
						"x": 0,
						"y": 14,
						"w": 64,
						"h": 50
					},
					"frame": {
						"x": 941,
						"y": 525,
						"w": 64,
						"h": 50
					},
					"anchor": {
						"x": 0.5,
						"y": 0.5
					}
				},
				{
					"filename": "aliens/martian_3",
					"rotated": false,
					"trimmed": true,
					"sourceSize": {
						"w": 64,
						"h": 67
					},
					"spriteSourceSize": {
						"x": 12,
						"y": 3,
						"w": 48,
						"h": 64
					},
					"frame": {
						"x": 960,
						"y": 577,
						"w": 48,
						"h": 64
					},
					"anchor": {
						"x": 0.5,
						"y": 0.5
					}
				},
				{
					"filename": "nave/nave_avanza_1",
					"rotated": false,
					"trimmed": true,
					"sourceSize": {
						"w": 46,
						"h": 45
					},
					"spriteSourceSize": {
						"x": 0,
						"y": 2,
						"w": 45,
						"h": 41
					},
					"frame": {
						"x": 960,
						"y": 643,
						"w": 45,
						"h": 41
					},
					"anchor": {
						"x": 0.5,
						"y": 0.5
					}
				},
				{
					"filename": "redimensionables/boton-amarillo",
					"rotated": false,
					"trimmed": false,
					"sourceSize": {
						"w": 49,
						"h": 45
					},
					"spriteSourceSize": {
						"x": 0,
						"y": 0,
						"w": 49,
						"h": 45
					},
					"frame": {
						"x": 1007,
						"y": 530,
						"w": 49,
						"h": 45
					},
					"anchor": {
						"x": 0.5,
						"y": 0.5
					}
				},
				{
					"filename": "aliens/alien_verde",
					"rotated": false,
					"trimmed": false,
					"sourceSize": {
						"w": 64,
						"h": 63
					},
					"spriteSourceSize": {
						"x": 0,
						"y": 0,
						"w": 64,
						"h": 63
					},
					"frame": {
						"x": 1010,
						"y": 577,
						"w": 64,
						"h": 63
					},
					"anchor": {
						"x": 0.5,
						"y": 0.5
					}
				},
				{
					"filename": "objetos/banana_0",
					"rotated": false,
					"trimmed": true,
					"sourceSize": {
						"w": 40,
						"h": 45
					},
					"spriteSourceSize": {
						"x": 0,
						"y": 0,
						"w": 35,
						"h": 45
					},
					"frame": {
						"x": 1058,
						"y": 530,
						"w": 35,
						"h": 45
					},
					"anchor": {
						"x": 0.5,
						"y": 0.5
					}
				},
				{
					"filename": "objetos/pato",
					"rotated": false,
					"trimmed": false,
					"sourceSize": {
						"w": 64,
						"h": 61
					},
					"spriteSourceSize": {
						"x": 0,
						"y": 0,
						"w": 64,
						"h": 61
					},
					"frame": {
						"x": 1095,
						"y": 522,
						"w": 64,
						"h": 61
					},
					"anchor": {
						"x": 0.5,
						"y": 0.5
					}
				},
				{
					"filename": "aliens/martian_1",
					"rotated": false,
					"trimmed": true,
					"sourceSize": {
						"w": 64,
						"h": 67
					},
					"spriteSourceSize": {
						"x": 12,
						"y": 5,
						"w": 52,
						"h": 62
					},
					"frame": {
						"x": 1161,
						"y": 522,
						"w": 52,
						"h": 62
					},
					"anchor": {
						"x": 0.5,
						"y": 0.5
					}
				},
				{
					"filename": "enemigos/enemigo-rojo-camina-golpeado",
					"rotated": false,
					"trimmed": false,
					"sourceSize": {
						"w": 35,
						"h": 41
					},
					"spriteSourceSize": {
						"x": 0,
						"y": 0,
						"w": 35,
						"h": 41
					},
					"frame": {
						"x": 1215,
						"y": 522,
						"w": 35,
						"h": 41
					},
					"anchor": {
						"x": 0.5,
						"y": 0.5
					}
				},
				{
					"filename": "aliens/martian_2",
					"rotated": false,
					"trimmed": true,
					"sourceSize": {
						"w": 64,
						"h": 67
					},
					"spriteSourceSize": {
						"x": 14,
						"y": 6,
						"w": 50,
						"h": 61
					},
					"frame": {
						"x": 1076,
						"y": 585,
						"w": 50,
						"h": 61
					},
					"anchor": {
						"x": 0.5,
						"y": 0.5
					}
				},
				{
					"filename": "nave/nave_enemiga_1",
					"rotated": false,
					"trimmed": false,
					"sourceSize": {
						"w": 50,
						"h": 61
					},
					"spriteSourceSize": {
						"x": 0,
						"y": 0,
						"w": 50,
						"h": 61
					},
					"frame": {
						"x": 1128,
						"y": 586,
						"w": 50,
						"h": 61
					},
					"anchor": {
						"x": 0.5,
						"y": 0.5
					}
				},
				{
					"filename": "aliens/martian_0",
					"rotated": false,
					"trimmed": true,
					"sourceSize": {
						"w": 64,
						"h": 67
					},
					"spriteSourceSize": {
						"x": 15,
						"y": 4,
						"w": 49,
						"h": 63
					},
					"frame": {
						"x": 1180,
						"y": 586,
						"w": 49,
						"h": 63
					},
					"anchor": {
						"x": 0.5,
						"y": 0.5
					}
				},
				{
					"filename": "disparos/laser",
					"rotated": false,
					"trimmed": false,
					"sourceSize": {
						"w": 37,
						"h": 9
					},
					"spriteSourceSize": {
						"x": 0,
						"y": 0,
						"w": 37,
						"h": 9
					},
					"frame": {
						"x": 354,
						"y": 287,
						"w": 37,
						"h": 9
					},
					"anchor": {
						"x": 0.5,
						"y": 0.5
					}
				},
				{
					"filename": "aliens/martian_6",
					"rotated": false,
					"trimmed": true,
					"sourceSize": {
						"w": 64,
						"h": 67
					},
					"spriteSourceSize": {
						"x": 15,
						"y": 4,
						"w": 49,
						"h": 63
					},
					"frame": {
						"x": 133,
						"y": 851,
						"w": 49,
						"h": 63
					},
					"anchor": {
						"x": 0.5,
						"y": 0.5
					}
				},
				{
					"filename": "objetos/manzana",
					"rotated": false,
					"trimmed": false,
					"sourceSize": {
						"w": 50,
						"h": 52
					},
					"spriteSourceSize": {
						"x": 0,
						"y": 0,
						"w": 50,
						"h": 52
					},
					"frame": {
						"x": 133,
						"y": 916,
						"w": 50,
						"h": 52
					},
					"anchor": {
						"x": 0.5,
						"y": 0.5
					}
				},
				{
					"filename": "enemigos/enemigo-verde-camina-2",
					"rotated": false,
					"trimmed": true,
					"sourceSize": {
						"w": 57,
						"h": 34
					},
					"spriteSourceSize": {
						"x": 0,
						"y": 3,
						"w": 57,
						"h": 31
					},
					"frame": {
						"x": 184,
						"y": 879,
						"w": 57,
						"h": 31
					},
					"anchor": {
						"x": 0.5,
						"y": 0.5
					}
				},
				{
					"filename": "enemigos/pez",
					"rotated": false,
					"trimmed": false,
					"sourceSize": {
						"w": 45,
						"h": 60
					},
					"spriteSourceSize": {
						"x": 0,
						"y": 0,
						"w": 45,
						"h": 60
					},
					"frame": {
						"x": 185,
						"y": 912,
						"w": 45,
						"h": 60
					},
					"anchor": {
						"x": 0.5,
						"y": 0.5
					}
				},
				{
					"filename": "objetos/pelota_azul",
					"rotated": false,
					"trimmed": false,
					"sourceSize": {
						"w": 22,
						"h": 22
					},
					"spriteSourceSize": {
						"x": 0,
						"y": 0,
						"w": 22,
						"h": 22
					},
					"frame": {
						"x": 389,
						"y": 568,
						"w": 22,
						"h": 22
					},
					"anchor": {
						"x": 0.5,
						"y": 0.5
					}
				},
				{
					"filename": "aliens/martian_10",
					"rotated": false,
					"trimmed": true,
					"sourceSize": {
						"w": 64,
						"h": 67
					},
					"spriteSourceSize": {
						"x": 13,
						"y": 4,
						"w": 48,
						"h": 63
					},
					"frame": {
						"x": 1016,
						"y": 642,
						"w": 48,
						"h": 63
					},
					"anchor": {
						"x": 0.5,
						"y": 0.5
					}
				},
				{
					"filename": "aliens/martian_7",
					"rotated": false,
					"trimmed": true,
					"sourceSize": {
						"w": 64,
						"h": 67
					},
					"spriteSourceSize": {
						"x": 14,
						"y": 4,
						"w": 47,
						"h": 63
					},
					"frame": {
						"x": 1066,
						"y": 648,
						"w": 47,
						"h": 63
					},
					"anchor": {
						"x": 0.5,
						"y": 0.5
					}
				},
				{
					"filename": "aliens/martian_11",
					"rotated": false,
					"trimmed": true,
					"sourceSize": {
						"w": 64,
						"h": 67
					},
					"spriteSourceSize": {
						"x": 13,
						"y": 3,
						"w": 46,
						"h": 63
					},
					"frame": {
						"x": 1115,
						"y": 649,
						"w": 46,
						"h": 63
					},
					"anchor": {
						"x": 0.5,
						"y": 0.5
					}
				},
				{
					"filename": "aliens/martian_8",
					"rotated": false,
					"trimmed": true,
					"sourceSize": {
						"w": 64,
						"h": 67
					},
					"spriteSourceSize": {
						"x": 13,
						"y": 4,
						"w": 45,
						"h": 63
					},
					"frame": {
						"x": 1163,
						"y": 651,
						"w": 45,
						"h": 63
					},
					"anchor": {
						"x": 0.5,
						"y": 0.5
					}
				},
				{
					"filename": "objetos/banana_1",
					"rotated": false,
					"trimmed": true,
					"sourceSize": {
						"w": 40,
						"h": 45
					},
					"spriteSourceSize": {
						"x": 0,
						"y": 0,
						"w": 40,
						"h": 44
					},
					"frame": {
						"x": 1210,
						"y": 651,
						"w": 40,
						"h": 44
					},
					"anchor": {
						"x": 0.5,
						"y": 0.5
					}
				},
				{
					"filename": "nave/nave_derecha_1",
					"rotated": false,
					"trimmed": true,
					"sourceSize": {
						"w": 46,
						"h": 45
					},
					"spriteSourceSize": {
						"x": 0,
						"y": 2,
						"w": 45,
						"h": 41
					},
					"frame": {
						"x": 1016,
						"y": 707,
						"w": 45,
						"h": 41
					},
					"anchor": {
						"x": 0.5,
						"y": 0.5
					}
				},
				{
					"filename": "objetos/aceituna",
					"rotated": false,
					"trimmed": false,
					"sourceSize": {
						"w": 37,
						"h": 37
					},
					"spriteSourceSize": {
						"x": 0,
						"y": 0,
						"w": 37,
						"h": 37
					},
					"frame": {
						"x": 1063,
						"y": 713,
						"w": 37,
						"h": 37
					},
					"anchor": {
						"x": 0.5,
						"y": 0.5
					}
				},
				{
					"filename": "objetos/pelota_de_voley",
					"rotated": false,
					"trimmed": false,
					"sourceSize": {
						"w": 49,
						"h": 50
					},
					"spriteSourceSize": {
						"x": 0,
						"y": 0,
						"w": 49,
						"h": 50
					},
					"frame": {
						"x": 1102,
						"y": 714,
						"w": 49,
						"h": 50
					},
					"anchor": {
						"x": 0.5,
						"y": 0.5
					}
				},
				{
					"filename": "objetos/caja",
					"rotated": false,
					"trimmed": false,
					"sourceSize": {
						"w": 48,
						"h": 48
					},
					"spriteSourceSize": {
						"x": 0,
						"y": 0,
						"w": 48,
						"h": 48
					},
					"frame": {
						"x": 1153,
						"y": 716,
						"w": 48,
						"h": 48
					},
					"anchor": {
						"x": 0.5,
						"y": 0.5
					}
				},
				{
					"filename": "redimensionables/blanco",
					"rotated": false,
					"trimmed": false,
					"sourceSize": {
						"w": 48,
						"h": 48
					},
					"spriteSourceSize": {
						"x": 0,
						"y": 0,
						"w": 48,
						"h": 48
					},
					"frame": {
						"x": 1081,
						"y": 766,
						"w": 48,
						"h": 48
					},
					"anchor": {
						"x": 0.5,
						"y": 0.5
					}
				},
				{
					"filename": "redimensionables/con_bordes_1",
					"rotated": false,
					"trimmed": false,
					"sourceSize": {
						"w": 48,
						"h": 48
					},
					"spriteSourceSize": {
						"x": 0,
						"y": 0,
						"w": 48,
						"h": 48
					},
					"frame": {
						"x": 1131,
						"y": 766,
						"w": 48,
						"h": 48
					},
					"anchor": {
						"x": 0.5,
						"y": 0.5
					}
				},
				{
					"filename": "redimensionables/con_bordes_2",
					"rotated": false,
					"trimmed": false,
					"sourceSize": {
						"w": 48,
						"h": 48
					},
					"spriteSourceSize": {
						"x": 0,
						"y": 0,
						"w": 48,
						"h": 48
					},
					"frame": {
						"x": 1082,
						"y": 816,
						"w": 48,
						"h": 48
					},
					"anchor": {
						"x": 0.5,
						"y": 0.5
					}
				},
				{
					"filename": "redimensionables/con_bordes_3",
					"rotated": false,
					"trimmed": false,
					"sourceSize": {
						"w": 48,
						"h": 48
					},
					"spriteSourceSize": {
						"x": 0,
						"y": 0,
						"w": 48,
						"h": 48
					},
					"frame": {
						"x": 1132,
						"y": 816,
						"w": 48,
						"h": 48
					},
					"anchor": {
						"x": 0.5,
						"y": 0.5
					}
				},
				{
					"filename": "redimensionables/gris",
					"rotated": false,
					"trimmed": false,
					"sourceSize": {
						"w": 48,
						"h": 48
					},
					"spriteSourceSize": {
						"x": 0,
						"y": 0,
						"w": 48,
						"h": 48
					},
					"frame": {
						"x": 1113,
						"y": 866,
						"w": 48,
						"h": 48
					},
					"anchor": {
						"x": 0.5,
						"y": 0.5
					}
				},
				{
					"filename": "aliens/martian_4",
					"rotated": false,
					"trimmed": true,
					"sourceSize": {
						"w": 64,
						"h": 67
					},
					"spriteSourceSize": {
						"x": 14,
						"y": 18,
						"w": 46,
						"h": 49
					},
					"frame": {
						"x": 1113,
						"y": 916,
						"w": 46,
						"h": 49
					},
					"anchor": {
						"x": 0.5,
						"y": 0.5
					}
				},
				{
					"filename": "tanque/tanque_torreta",
					"rotated": false,
					"trimmed": false,
					"sourceSize": {
						"w": 40,
						"h": 12
					},
					"spriteSourceSize": {
						"x": 0,
						"y": 0,
						"w": 40,
						"h": 12
					},
					"frame": {
						"x": 1210,
						"y": 697,
						"w": 40,
						"h": 12
					},
					"anchor": {
						"x": 0.5,
						"y": 0.5
					}
				},
				{
					"filename": "mini-explosion/explosion_1",
					"rotated": false,
					"trimmed": true,
					"sourceSize": {
						"w": 32,
						"h": 32
					},
					"spriteSourceSize": {
						"x": 5,
						"y": 6,
						"w": 23,
						"h": 20
					},
					"frame": {
						"x": 651,
						"y": 953,
						"w": 23,
						"h": 20
					},
					"anchor": {
						"x": 0.5,
						"y": 0.5
					}
				},
				{
					"filename": "mini-explosion/explosion_6",
					"rotated": false,
					"trimmed": true,
					"sourceSize": {
						"w": 32,
						"h": 32
					},
					"spriteSourceSize": {
						"x": 2,
						"y": 3,
						"w": 28,
						"h": 28
					},
					"frame": {
						"x": 717,
						"y": 945,
						"w": 28,
						"h": 28
					},
					"anchor": {
						"x": 0.5,
						"y": 0.5
					}
				},
				{
					"filename": "efectos/humo-01",
					"rotated": false,
					"trimmed": true,
					"sourceSize": {
						"w": 161,
						"h": 162
					},
					"spriteSourceSize": {
						"x": 69,
						"y": 79,
						"w": 26,
						"h": 28
					},
					"frame": {
						"x": 747,
						"y": 945,
						"w": 26,
						"h": 28
					},
					"anchor": {
						"x": 0.5,
						"y": 0.5
					}
				},
				{
					"filename": "enemigos/enemigo-rojo-camina-1",
					"rotated": false,
					"trimmed": false,
					"sourceSize": {
						"w": 32,
						"h": 44
					},
					"spriteSourceSize": {
						"x": 0,
						"y": 0,
						"w": 32,
						"h": 44
					},
					"frame": {
						"x": 1181,
						"y": 766,
						"w": 32,
						"h": 44
					},
					"anchor": {
						"x": 0.5,
						"y": 0.5
					}
				},
				{
					"filename": "enemigos/enemigo-rojo-camina-2",
					"rotated": false,
					"trimmed": false,
					"sourceSize": {
						"w": 32,
						"h": 42
					},
					"spriteSourceSize": {
						"x": 0,
						"y": 0,
						"w": 32,
						"h": 42
					},
					"frame": {
						"x": 1182,
						"y": 812,
						"w": 32,
						"h": 42
					},
					"anchor": {
						"x": 0.5,
						"y": 0.5
					}
				},
				{
					"filename": "dado/dado_2",
					"rotated": false,
					"trimmed": false,
					"sourceSize": {
						"w": 34,
						"h": 34
					},
					"spriteSourceSize": {
						"x": 0,
						"y": 0,
						"w": 34,
						"h": 34
					},
					"frame": {
						"x": 1216,
						"y": 711,
						"w": 34,
						"h": 34
					},
					"anchor": {
						"x": 0.5,
						"y": 0.5
					}
				},
				{
					"filename": "dado/dado_3",
					"rotated": false,
					"trimmed": false,
					"sourceSize": {
						"w": 34,
						"h": 34
					},
					"spriteSourceSize": {
						"x": 0,
						"y": 0,
						"w": 34,
						"h": 34
					},
					"frame": {
						"x": 1216,
						"y": 747,
						"w": 34,
						"h": 34
					},
					"anchor": {
						"x": 0.5,
						"y": 0.5
					}
				},
				{
					"filename": "dado/dado_4",
					"rotated": false,
					"trimmed": false,
					"sourceSize": {
						"w": 34,
						"h": 34
					},
					"spriteSourceSize": {
						"x": 0,
						"y": 0,
						"w": 34,
						"h": 34
					},
					"frame": {
						"x": 1216,
						"y": 783,
						"w": 34,
						"h": 34
					},
					"anchor": {
						"x": 0.5,
						"y": 0.5
					}
				},
				{
					"filename": "dado/dado_5",
					"rotated": false,
					"trimmed": false,
					"sourceSize": {
						"w": 34,
						"h": 34
					},
					"spriteSourceSize": {
						"x": 0,
						"y": 0,
						"w": 34,
						"h": 34
					},
					"frame": {
						"x": 1216,
						"y": 819,
						"w": 34,
						"h": 34
					},
					"anchor": {
						"x": 0.5,
						"y": 0.5
					}
				},
				{
					"filename": "dado/dado_6",
					"rotated": false,
					"trimmed": false,
					"sourceSize": {
						"w": 34,
						"h": 34
					},
					"spriteSourceSize": {
						"x": 0,
						"y": 0,
						"w": 34,
						"h": 34
					},
					"frame": {
						"x": 1216,
						"y": 855,
						"w": 34,
						"h": 34
					},
					"anchor": {
						"x": 0.5,
						"y": 0.5
					}
				},
				{
					"filename": "enemigos/enemigo-verde-camina-1",
					"rotated": false,
					"trimmed": true,
					"sourceSize": {
						"w": 57,
						"h": 34
					},
					"spriteSourceSize": {
						"x": 3,
						"y": 0,
						"w": 51,
						"h": 34
					},
					"frame": {
						"x": 1163,
						"y": 866,
						"w": 51,
						"h": 34
					},
					"anchor": {
						"x": 0.5,
						"y": 0.5
					}
				},
				{
					"filename": "enemigos/enemigo-verde-golpea",
					"rotated": false,
					"trimmed": true,
					"sourceSize": {
						"w": 57,
						"h": 34
					},
					"spriteSourceSize": {
						"x": 3,
						"y": 0,
						"w": 51,
						"h": 34
					},
					"frame": {
						"x": 1163,
						"y": 902,
						"w": 51,
						"h": 34
					},
					"anchor": {
						"x": 0.5,
						"y": 0.5
					}
				},
				{
					"filename": "objetos/llave",
					"rotated": false,
					"trimmed": true,
					"sourceSize": {
						"w": 64,
						"h": 64
					},
					"spriteSourceSize": {
						"x": 9,
						"y": 17,
						"w": 46,
						"h": 31
					},
					"frame": {
						"x": 1161,
						"y": 938,
						"w": 46,
						"h": 31
					},
					"anchor": {
						"x": 0.5,
						"y": 0.5
					}
				},
				{
					"filename": "interfaz/interfaz_deslizador",
					"rotated": false,
					"trimmed": false,
					"sourceSize": {
						"w": 28,
						"h": 42
					},
					"spriteSourceSize": {
						"x": 0,
						"y": 0,
						"w": 28,
						"h": 42
					},
					"frame": {
						"x": 1216,
						"y": 891,
						"w": 28,
						"h": 42
					},
					"anchor": {
						"x": 0.5,
						"y": 0.5
					}
				},
				{
					"filename": "disparos/laser_3",
					"rotated": false,
					"trimmed": false,
					"sourceSize": {
						"w": 37,
						"h": 13
					},
					"spriteSourceSize": {
						"x": 0,
						"y": 0,
						"w": 37,
						"h": 13
					},
					"frame": {
						"x": 773,
						"y": 725,
						"w": 37,
						"h": 13
					},
					"anchor": {
						"x": 0.5,
						"y": 0.5
					}
				},
				{
					"filename": "efectos/chispa-1",
					"rotated": false,
					"trimmed": true,
					"sourceSize": {
						"w": 222,
						"h": 169
					},
					"spriteSourceSize": {
						"x": 97,
						"y": 84,
						"w": 29,
						"h": 21
					},
					"frame": {
						"x": 1067,
						"y": 279,
						"w": 29,
						"h": 21
					},
					"anchor": {
						"x": 0.5,
						"y": 0.5
					}
				},
				{
					"filename": "nave/nave_izquierda_1",
					"rotated": false,
					"trimmed": true,
					"sourceSize": {
						"w": 46,
						"h": 45
					},
					"spriteSourceSize": {
						"x": 0,
						"y": 2,
						"w": 45,
						"h": 41
					},
					"frame": {
						"x": 232,
						"y": 912,
						"w": 45,
						"h": 41
					},
					"anchor": {
						"x": 0.5,
						"y": 0.5
					}
				},
				{
					"filename": "enemigos/enemigo-rojo-camina-3",
					"rotated": false,
					"trimmed": false,
					"sourceSize": {
						"w": 49,
						"h": 38
					},
					"spriteSourceSize": {
						"x": 0,
						"y": 0,
						"w": 49,
						"h": 38
					},
					"frame": {
						"x": 279,
						"y": 885,
						"w": 49,
						"h": 38
					},
					"anchor": {
						"x": 0.5,
						"y": 0.5
					}
				},
				{
					"filename": "nave/nave_derecha_2",
					"rotated": false,
					"trimmed": true,
					"sourceSize": {
						"w": 46,
						"h": 45
					},
					"spriteSourceSize": {
						"x": 3,
						"y": 2,
						"w": 42,
						"h": 41
					},
					"frame": {
						"x": 279,
						"y": 925,
						"w": 42,
						"h": 41
					},
					"anchor": {
						"x": 0.5,
						"y": 0.5
					}
				},
				{
					"filename": "nave/nave_izquierda_2",
					"rotated": false,
					"trimmed": true,
					"sourceSize": {
						"w": 46,
						"h": 45
					},
					"spriteSourceSize": {
						"x": 3,
						"y": 2,
						"w": 42,
						"h": 41
					},
					"frame": {
						"x": 330,
						"y": 898,
						"w": 42,
						"h": 41
					},
					"anchor": {
						"x": 0.5,
						"y": 0.5
					}
				},
				{
					"filename": "cursores/cursor_disparo_negro",
					"rotated": false,
					"trimmed": false,
					"sourceSize": {
						"w": 32,
						"h": 32
					},
					"spriteSourceSize": {
						"x": 0,
						"y": 0,
						"w": 32,
						"h": 32
					},
					"frame": {
						"x": 323,
						"y": 941,
						"w": 32,
						"h": 32
					},
					"anchor": {
						"x": 0.5,
						"y": 0.5
					}
				},
				{
					"filename": "cursores/cursor_disparo_rojo",
					"rotated": false,
					"trimmed": false,
					"sourceSize": {
						"w": 32,
						"h": 32
					},
					"spriteSourceSize": {
						"x": 0,
						"y": 0,
						"w": 32,
						"h": 32
					},
					"frame": {
						"x": 357,
						"y": 941,
						"w": 32,
						"h": 32
					},
					"anchor": {
						"x": 0.5,
						"y": 0.5
					}
				},
				{
					"filename": "mini-explosion/explosion_3",
					"rotated": false,
					"trimmed": false,
					"sourceSize": {
						"w": 32,
						"h": 32
					},
					"spriteSourceSize": {
						"x": 0,
						"y": 0,
						"w": 32,
						"h": 32
					},
					"frame": {
						"x": 374,
						"y": 898,
						"w": 32,
						"h": 32
					},
					"anchor": {
						"x": 0.5,
						"y": 0.5
					}
				},
				{
					"filename": "enemigos/pinches-flotando",
					"rotated": false,
					"trimmed": false,
					"sourceSize": {
						"w": 42,
						"h": 40
					},
					"spriteSourceSize": {
						"x": 0,
						"y": 0,
						"w": 42,
						"h": 40
					},
					"frame": {
						"x": 408,
						"y": 905,
						"w": 42,
						"h": 40
					},
					"anchor": {
						"x": 0.5,
						"y": 0.5
					}
				},
				{
					"filename": "objetos/corazon_completo",
					"rotated": false,
					"trimmed": true,
					"sourceSize": {
						"w": 64,
						"h": 64
					},
					"spriteSourceSize": {
						"x": 17,
						"y": 19,
						"w": 30,
						"h": 26
					},
					"frame": {
						"x": 391,
						"y": 947,
						"w": 30,
						"h": 26
					},
					"anchor": {
						"x": 0.5,
						"y": 0.5
					}
				},
				{
					"filename": "objetos/corazon_medio",
					"rotated": false,
					"trimmed": true,
					"sourceSize": {
						"w": 64,
						"h": 64
					},
					"spriteSourceSize": {
						"x": 17,
						"y": 19,
						"w": 30,
						"h": 26
					},
					"frame": {
						"x": 423,
						"y": 947,
						"w": 30,
						"h": 26
					},
					"anchor": {
						"x": 0.5,
						"y": 0.5
					}
				},
				{
					"filename": "mini-explosion/explosion_4",
					"rotated": false,
					"trimmed": true,
					"sourceSize": {
						"w": 32,
						"h": 32
					},
					"spriteSourceSize": {
						"x": 0,
						"y": 0,
						"w": 31,
						"h": 31
					},
					"frame": {
						"x": 452,
						"y": 905,
						"w": 31,
						"h": 31
					},
					"anchor": {
						"x": 0.5,
						"y": 0.5
					}
				},
				{
					"filename": "monedas/moneda_2",
					"rotated": false,
					"trimmed": true,
					"sourceSize": {
						"w": 16,
						"h": 16
					},
					"spriteSourceSize": {
						"x": 0,
						"y": 0,
						"w": 15,
						"h": 16
					},
					"frame": {
						"x": 218,
						"y": 442,
						"w": 15,
						"h": 16
					},
					"anchor": {
						"x": 0.5,
						"y": 0.5
					}
				},
				{
					"filename": "monedas/moneda_6",
					"rotated": false,
					"trimmed": true,
					"sourceSize": {
						"w": 16,
						"h": 16
					},
					"spriteSourceSize": {
						"x": 0,
						"y": 0,
						"w": 15,
						"h": 16
					},
					"frame": {
						"x": 218,
						"y": 460,
						"w": 15,
						"h": 16
					},
					"anchor": {
						"x": 0.5,
						"y": 0.5
					}
				},
				{
					"filename": "objetos/tortuga",
					"rotated": false,
					"trimmed": false,
					"sourceSize": {
						"w": 24,
						"h": 24
					},
					"spriteSourceSize": {
						"x": 0,
						"y": 0,
						"w": 24,
						"h": 24
					},
					"frame": {
						"x": 1,
						"y": 630,
						"w": 24,
						"h": 24
					},
					"anchor": {
						"x": 0.5,
						"y": 0.5
					}
				},
				{
					"filename": "mini-explosion/explosion_5",
					"rotated": false,
					"trimmed": true,
					"sourceSize": {
						"w": 32,
						"h": 32
					},
					"spriteSourceSize": {
						"x": 0,
						"y": 2,
						"w": 31,
						"h": 29
					},
					"frame": {
						"x": 455,
						"y": 938,
						"w": 31,
						"h": 29
					},
					"anchor": {
						"x": 0.5,
						"y": 0.5
					}
				},
				{
					"filename": "carreras/carreras_cono",
					"rotated": false,
					"trimmed": false,
					"sourceSize": {
						"w": 15,
						"h": 15
					},
					"spriteSourceSize": {
						"x": 0,
						"y": 0,
						"w": 15,
						"h": 15
					},
					"frame": {
						"x": 218,
						"y": 478,
						"w": 15,
						"h": 15
					},
					"anchor": {
						"x": 0.5,
						"y": 0.5
					}
				},
				{
					"filename": "objetos/pelota_gris",
					"rotated": false,
					"trimmed": false,
					"sourceSize": {
						"w": 22,
						"h": 22
					},
					"spriteSourceSize": {
						"x": 0,
						"y": 0,
						"w": 22,
						"h": 22
					},
					"frame": {
						"x": 834,
						"y": 41,
						"w": 22,
						"h": 22
					},
					"anchor": {
						"x": 0.5,
						"y": 0.5
					}
				},
				{
					"filename": "objetos/asteroide_chico",
					"rotated": false,
					"trimmed": true,
					"sourceSize": {
						"w": 15,
						"h": 14
					},
					"spriteSourceSize": {
						"x": 0,
						"y": 0,
						"w": 14,
						"h": 14
					},
					"frame": {
						"x": 883,
						"y": 818,
						"w": 14,
						"h": 14
					},
					"anchor": {
						"x": 0.5,
						"y": 0.5
					}
				},
				{
					"filename": "mini-explosion/explosion_0",
					"rotated": false,
					"trimmed": true,
					"sourceSize": {
						"w": 32,
						"h": 32
					},
					"spriteSourceSize": {
						"x": 10,
						"y": 12,
						"w": 13,
						"h": 13
					},
					"frame": {
						"x": 647,
						"y": 300,
						"w": 13,
						"h": 13
					},
					"anchor": {
						"x": 0.5,
						"y": 0.5
					}
				},
				{
					"filename": "particulas/particula_3",
					"rotated": false,
					"trimmed": false,
					"sourceSize": {
						"w": 20,
						"h": 21
					},
					"spriteSourceSize": {
						"x": 0,
						"y": 0,
						"w": 20,
						"h": 21
					},
					"frame": {
						"x": 243,
						"y": 879,
						"w": 20,
						"h": 21
					},
					"anchor": {
						"x": 0.5,
						"y": 0.5
					}
				},
				{
					"filename": "monedas/moneda_0",
					"rotated": false,
					"trimmed": false,
					"sourceSize": {
						"w": 16,
						"h": 16
					},
					"spriteSourceSize": {
						"x": 0,
						"y": 0,
						"w": 16,
						"h": 16
					},
					"frame": {
						"x": 337,
						"y": 500,
						"w": 16,
						"h": 16
					},
					"anchor": {
						"x": 0.5,
						"y": 0.5
					}
				},
				{
					"filename": "monedas/moneda_1",
					"rotated": false,
					"trimmed": false,
					"sourceSize": {
						"w": 16,
						"h": 16
					},
					"spriteSourceSize": {
						"x": 0,
						"y": 0,
						"w": 16,
						"h": 16
					},
					"frame": {
						"x": 355,
						"y": 500,
						"w": 16,
						"h": 16
					},
					"anchor": {
						"x": 0.5,
						"y": 0.5
					}
				},
				{
					"filename": "monedas/moneda_3",
					"rotated": false,
					"trimmed": true,
					"sourceSize": {
						"w": 16,
						"h": 16
					},
					"spriteSourceSize": {
						"x": 1,
						"y": 0,
						"w": 13,
						"h": 16
					},
					"frame": {
						"x": 373,
						"y": 500,
						"w": 13,
						"h": 16
					},
					"anchor": {
						"x": 0.5,
						"y": 0.5
					}
				},
				{
					"filename": "monedas/moneda_4",
					"rotated": false,
					"trimmed": true,
					"sourceSize": {
						"w": 16,
						"h": 16
					},
					"spriteSourceSize": {
						"x": 4,
						"y": 0,
						"w": 7,
						"h": 16
					},
					"frame": {
						"x": 1007,
						"y": 643,
						"w": 7,
						"h": 16
					},
					"anchor": {
						"x": 0.5,
						"y": 0.5
					}
				},
				{
					"filename": "pacman/pacman_5",
					"rotated": false,
					"trimmed": true,
					"sourceSize": {
						"w": 13,
						"h": 13
					},
					"spriteSourceSize": {
						"x": 0,
						"y": 0,
						"w": 10,
						"h": 13
					},
					"frame": {
						"x": 662,
						"y": 300,
						"w": 10,
						"h": 13
					},
					"anchor": {
						"x": 0.5,
						"y": 0.5
					}
				},
				{
					"filename": "pacman/pacman_4",
					"rotated": false,
					"trimmed": false,
					"sourceSize": {
						"w": 13,
						"h": 13
					},
					"spriteSourceSize": {
						"x": 0,
						"y": 0,
						"w": 13,
						"h": 13
					},
					"frame": {
						"x": 391,
						"y": 932,
						"w": 13,
						"h": 13
					},
					"anchor": {
						"x": 0.5,
						"y": 0.5
					}
				},
				{
					"filename": "monedas/moneda_7",
					"rotated": false,
					"trimmed": false,
					"sourceSize": {
						"w": 16,
						"h": 16
					},
					"spriteSourceSize": {
						"x": 0,
						"y": 0,
						"w": 16,
						"h": 16
					},
					"frame": {
						"x": 814,
						"y": 185,
						"w": 16,
						"h": 16
					},
					"anchor": {
						"x": 0.5,
						"y": 0.5
					}
				},
				{
					"filename": "pacman/fantasma_6",
					"rotated": false,
					"trimmed": true,
					"sourceSize": {
						"w": 20,
						"h": 20
					},
					"spriteSourceSize": {
						"x": 2,
						"y": 2,
						"w": 16,
						"h": 16
					},
					"frame": {
						"x": 1215,
						"y": 565,
						"w": 16,
						"h": 16
					},
					"anchor": {
						"x": 0.5,
						"y": 0.5
					}
				},
				{
					"filename": "pacman/fantasma_7",
					"rotated": false,
					"trimmed": true,
					"sourceSize": {
						"w": 20,
						"h": 20
					},
					"spriteSourceSize": {
						"x": 2,
						"y": 2,
						"w": 16,
						"h": 16
					},
					"frame": {
						"x": 676,
						"y": 953,
						"w": 16,
						"h": 16
					},
					"anchor": {
						"x": 0.5,
						"y": 0.5
					}
				},
				{
					"filename": "pacman/fantasma_azul_0",
					"rotated": false,
					"trimmed": true,
					"sourceSize": {
						"w": 20,
						"h": 20
					},
					"spriteSourceSize": {
						"x": 2,
						"y": 1,
						"w": 16,
						"h": 16
					},
					"frame": {
						"x": 232,
						"y": 955,
						"w": 16,
						"h": 16
					},
					"anchor": {
						"x": 0.5,
						"y": 0.5
					}
				},
				{
					"filename": "pacman/fantasma_azul_1",
					"rotated": false,
					"trimmed": true,
					"sourceSize": {
						"w": 20,
						"h": 20
					},
					"spriteSourceSize": {
						"x": 2,
						"y": 1,
						"w": 16,
						"h": 16
					},
					"frame": {
						"x": 1,
						"y": 656,
						"w": 16,
						"h": 16
					},
					"anchor": {
						"x": 0.5,
						"y": 0.5
					}
				},
				{
					"filename": "carreras/carreras_cono_caido",
					"rotated": false,
					"trimmed": false,
					"sourceSize": {
						"w": 16,
						"h": 15
					},
					"spriteSourceSize": {
						"x": 0,
						"y": 0,
						"w": 16,
						"h": 15
					},
					"frame": {
						"x": 834,
						"y": 65,
						"w": 16,
						"h": 15
					},
					"anchor": {
						"x": 0.5,
						"y": 0.5
					}
				},
				{
					"filename": "objetos/corazon_vacio",
					"rotated": false,
					"trimmed": true,
					"sourceSize": {
						"w": 64,
						"h": 64
					},
					"spriteSourceSize": {
						"x": 17,
						"y": 19,
						"w": 30,
						"h": 26
					},
					"frame": {
						"x": 1209,
						"y": 938,
						"w": 30,
						"h": 26
					},
					"anchor": {
						"x": 0.5,
						"y": 0.5
					}
				},
				{
					"filename": "interfaz/interfaz_punto",
					"rotated": false,
					"trimmed": false,
					"sourceSize": {
						"w": 8,
						"h": 10
					},
					"spriteSourceSize": {
						"x": 0,
						"y": 0,
						"w": 8,
						"h": 10
					},
					"frame": {
						"x": 641,
						"y": 887,
						"w": 8,
						"h": 10
					},
					"anchor": {
						"x": 0.5,
						"y": 0.5
					}
				},
				{
					"filename": "monedas/moneda_5",
					"rotated": false,
					"trimmed": true,
					"sourceSize": {
						"w": 16,
						"h": 16
					},
					"spriteSourceSize": {
						"x": 1,
						"y": 0,
						"w": 13,
						"h": 16
					},
					"frame": {
						"x": 814,
						"y": 203,
						"w": 13,
						"h": 16
					},
					"anchor": {
						"x": 0.5,
						"y": 0.5
					}
				},
				{
					"filename": "objetos/moneda",
					"rotated": false,
					"trimmed": false,
					"sourceSize": {
						"w": 13,
						"h": 16
					},
					"spriteSourceSize": {
						"x": 0,
						"y": 0,
						"w": 13,
						"h": 16
					},
					"frame": {
						"x": 1233,
						"y": 565,
						"w": 13,
						"h": 16
					},
					"anchor": {
						"x": 0.5,
						"y": 0.5
					}
				},
				{
					"filename": "pacman/pacman_6",
					"rotated": false,
					"trimmed": false,
					"sourceSize": {
						"w": 13,
						"h": 13
					},
					"spriteSourceSize": {
						"x": 0,
						"y": 0,
						"w": 13,
						"h": 13
					},
					"frame": {
						"x": 694,
						"y": 953,
						"w": 13,
						"h": 13
					},
					"anchor": {
						"x": 0.5,
						"y": 0.5
					}
				},
				{
					"filename": "particulas/particula_1",
					"rotated": false,
					"trimmed": false,
					"sourceSize": {
						"w": 10,
						"h": 10
					},
					"spriteSourceSize": {
						"x": 0,
						"y": 0,
						"w": 10,
						"h": 10
					},
					"frame": {
						"x": 546,
						"y": 28,
						"w": 10,
						"h": 10
					},
					"anchor": {
						"x": 0.5,
						"y": 0.5
					}
				},
				{
					"filename": "particulas/particula_2",
					"rotated": false,
					"trimmed": false,
					"sourceSize": {
						"w": 10,
						"h": 10
					},
					"spriteSourceSize": {
						"x": 0,
						"y": 0,
						"w": 10,
						"h": 10
					},
					"frame": {
						"x": 1238,
						"y": 179,
						"w": 10,
						"h": 10
					},
					"anchor": {
						"x": 0.5,
						"y": 0.5
					}
				},
				{
					"filename": "basicos/invisible",
					"rotated": false,
					"trimmed": true,
					"sourceSize": {
						"w": 8,
						"h": 8
					},
					"spriteSourceSize": {
						"x": 0,
						"y": 0,
						"w": 3,
						"h": 3
					},
					"frame": {
						"x": 213,
						"y": 149,
						"w": 3,
						"h": 3
					},
					"anchor": {
						"x": 0.5,
						"y": 0.5
					}
				},
				{
					"filename": "basicos/pizarra",
					"rotated": false,
					"trimmed": true,
					"sourceSize": {
						"w": 8,
						"h": 8
					},
					"spriteSourceSize": {
						"x": 0,
						"y": 0,
						"w": 3,
						"h": 3
					},
					"frame": {
						"x": 213,
						"y": 149,
						"w": 3,
						"h": 3
					},
					"anchor": {
						"x": 0.5,
						"y": 0.5
					}
				}
			]
		}
	],
	"meta": {
		"app": "https://www.codeandweb.com/texturepacker",
		"version": "3.0",
		"smartupdate": "$TexturePacker:SmartUpdate:57859f3cb675173f4d526e7039a6db0a:1a605271a9219e90063e56658237a892:090f076f11af587180320e0b2e5117de$"
	}
}
