<?xml version="1.0" encoding="utf-8"?>

<instance xmlns="http://www.exelearning.org/content/v0.3" reference="6" version="0.3" xmlns:xsi="http://www.w3.org/2001/XMLSchema-instance" xsi:schemalocation="http://www.exelearning.org/content/v0.3 content.xsd" class="exe.engine.package.Package">
 <dictionary>
  <string role="key" value="_title"></string>
  <unicode value=""></unicode>
  <string role="key" value="idevices"></string>
  <list></list>
  <string role="key" value="_backgroundImg"></string>
  <unicode value=""></unicode>
  <string role="key" value="_contextMode"></string>
  <unicode value=""></unicode>
  <string role="key" value="_contextPlace"></string>
  <unicode value=""></unicode>
  <string role="key" value="_docType"></string>
  <unicode value="HTML5"></unicode>
  <string role="key" value="_intendedEndUserRoleGroup"></string>
  <bool value="0"></bool>
  <string role="key" value="_intendedEndUserRoleTutor"></string>
  <bool value="0"></bool>
  <string role="key" value="_intendedEndUserRoleType"></string>
  <unicode value=""></unicode>
  <string role="key" value="_isChanged"></string>
  <bool value="0"></bool>
  <string role="key" value="_lang"></string>
  <unicode value="es"></unicode>
  <string role="key" value="_learningResourceType"></string>
  <unicode value=""></unicode>
  <string role="key" value="_levelNames"></string>
  <list>
   <unicode value="Topic"></unicode>
   <unicode value="Section"></unicode>
   <unicode value="Unit"></unicode>
  </list>
  <string role="key" value="_name"></string>
  <unicode value="TP_Observer"></unicode>
  <string role="key" value="_nextIdeviceId"></string>
  <int value="2"></int>
  <string role="key" value="_nextNodeId"></string>
  <int value="1"></int>
  <string role="key" value="_nodeIdDict"></string>
  <dictionary>
   <unicode role="key" value="0"></unicode>
   <instance class="exe.engine.node.Node" reference="3">
    <dictionary>
     <string role="key" value="_title"></string>
     <unicode value="Inicio - Observer y Abstract Factory"></unicode>
     <string role="key" value="idevices"></string>
     <list>
      <instance class="exe.engine.genericidevice.GenericIdevice" reference="1">
       <dictionary>
        <string role="key" value="_title"></string>
        <unicode value="Objectives"></unicode>
        <string role="key" value="_author"></string>
        <unicode value="University of Auckland"></unicode>
        <string role="key" value="_purpose"></string>
        <unicode value="Objectives describe the expected outcomes of the learning and should
define what the learners will be able to do when they have completed the
learning tasks."></unicode>
        <string role="key" value="_tip"></string>
        <unicode value=""></unicode>
        <string role="key" value="class_"></string>
        <unicode value="objectives"></unicode>
        <string role="key" value="edit"></string>
        <bool value="0"></bool>
        <string role="key" value="emphasis"></string>
        <int value="1"></int>
        <string role="key" value="exe.engine.genericidevice.GenericIdevice.persistenceVersion"></string>
        <int value="11"></int>
        <string role="key" value="fields"></string>
        <list>
         <instance class="exe.engine.field.TextAreaField" reference="2">
          <dictionary>
           <string role="key" value="_id"></string>
           <unicode value="41_2"></unicode>
           <string role="key" value="_idevice"></string>
           <reference key="1"></reference>
           <string role="key" value="_instruc"></string>
           <unicode value="Type the learning objectives for this resource."></unicode>
           <string role="key" value="_name"></string>
           <unicode value="Objectives"></unicode>
           <string role="key" value="anchor_names"></string>
           <list></list>
           <string role="key" value="anchors_linked_from_fields"></string>
           <dictionary></dictionary>
           <string role="key" value="content_w_resourcePaths"></string>
           <unicode content="true" value="&lt;p&gt;Se ejercitarán problemas donde se aplicará el patrón de diseño Observer en diferentes alternativas y sobre el Abstract Factory.&lt;/p&gt;"></unicode>
           <string role="key" value="exe.engine.field.Field.persistenceVersion"></string>
           <int value="4"></int>
           <string role="key" value="exe.engine.field.FieldWithResources.persistenceVersion"></string>
           <int value="2"></int>
           <string role="key" value="exe.engine.field.TextAreaField.persistenceVersion"></string>
           <int value="3"></int>
           <string role="key" value="htmlTag"></string>
           <string value="div"></string>
           <string role="key" value="images"></string>
           <instance class="exe.engine.galleryidevice.GalleryImages">
            <dictionary>
             <string role="key" value=".listitems"></string>
             <list></list>
             <string role="key" value="idevice"></string>
             <reference key="2"></reference>
            </dictionary>
           </instance>
           <string role="key" value="intlinks_to_anchors"></string>
           <dictionary></dictionary>
           <string role="key" value="nextImageId"></string>
           <int value="0"></int>
           <string role="key" value="parentNode"></string>
           <reference key="3"></reference>
          </dictionary>
         </instance>
        </list>
        <string role="key" value="icon"></string>
        <unicode value="objectives"></unicode>
        <string role="key" value="id"></string>
        <unicode value="0"></unicode>
        <string role="key" value="lastIdevice"></string>
        <bool value="0"></bool>
        <string role="key" value="nextFieldId"></string>
        <int value="3"></int>
        <string role="key" value="originalicon"></string>
        <unicode value="objectives"></unicode>
        <string role="key" value="parentNode"></string>
        <reference key="3"></reference>
        <string role="key" value="systemResources"></string>
        <list>
         <string value="common.js"></string>
        </list>
        <string role="key" value="undo"></string>
        <bool value="1"></bool>
        <string role="key" value="userResources"></string>
        <list></list>
        <string role="key" value="version"></string>
        <int value="0"></int>
       </dictionary>
      </instance>
      <instance class="exe.engine.genericidevice.GenericIdevice" reference="4">
       <dictionary>
        <string role="key" value="_title"></string>
        <unicode value="Activity"></unicode>
        <string role="key" value="_author"></string>
        <unicode value="University of Auckland"></unicode>
        <string role="key" value="_purpose"></string>
        <unicode value="An activity can be defined as a task or set of tasks a learner must
complete. Provide a clear statement of the task and consider any conditions
that may help or hinder the learner in the performance of the task."></unicode>
        <string role="key" value="_tip"></string>
        <unicode value=""></unicode>
        <string role="key" value="class_"></string>
        <unicode value="activity"></unicode>
        <string role="key" value="edit"></string>
        <bool value="0"></bool>
        <string role="key" value="emphasis"></string>
        <int value="1"></int>
        <string role="key" value="exe.engine.genericidevice.GenericIdevice.persistenceVersion"></string>
        <int value="11"></int>
        <string role="key" value="fields"></string>
        <list>
         <instance class="exe.engine.field.TextAreaField" reference="5">
          <dictionary>
           <string role="key" value="_id"></string>
           <unicode value="42_2"></unicode>
           <string role="key" value="_idevice"></string>
           <reference key="4"></reference>
           <string role="key" value="_instruc"></string>
           <unicode value="Describe the tasks the learners should complete."></unicode>
           <string role="key" value="_name"></string>
           <unicode value="Activity"></unicode>
           <string role="key" value="anchor_names"></string>
           <list></list>
           <string role="key" value="anchors_linked_from_fields"></string>
           <dictionary></dictionary>
           <string role="key" value="content_w_resourcePaths"></string>
           <unicode content="true" value="&lt;h1&gt;&lt;span&gt;Ejercicio 0 – Diferentes alternativas de Observer&lt;br /&gt;&lt;/span&gt;&lt;/h1&gt;
&lt;p&gt;En el archivo del material adicional de este trabajo practico se encuentran tres formas diferentes de implementar el patrón Observer en Java. Las implementaciones están simplificadas, pero muestran diferentes niveles de realizar las notificaciones y de ser notificados. En este ejercicio debe analizar las alternativas e indicar ventajas y desventajas de cada una. Si cree conveniente plantear alternativas intermedias entre solución y solución describalas.&lt;/p&gt;
&lt;p&gt;Discuta con el ayudante las diferentes alternativas encontradas, las ventajas y desventajas.&lt;/p&gt;
&lt;p&gt;&lt;span&gt;&lt;span&gt;&lt;span&gt;¿Cómo extendería las soluciones para los casos en que la misma clase observadora se encuentre observando simultáneamente a más de un sensor?&lt;/span&gt;&lt;/span&gt;&lt;/span&gt;&lt;/p&gt;
&lt;h1&gt;&lt;span&gt;&lt;span&gt;&lt;span&gt;Ejercicio 1 – Publicaciones&lt;br /&gt;&lt;/span&gt;&lt;/span&gt;&lt;/span&gt;&lt;/h1&gt;
&lt;p&gt;Los miembros de un laboratorio están sumamente interesados en recibir las últimas actualizaciones de los artículos relacionados con sus temas de investigación. Es por ello que cuentan con un sistema de referencias y publicaciones bibliográficas. En este sistema es posible cargar artículos científicos indicando el titulo, los autores, las filiaciones de cada uno (Universidad, Laboratorio de Investigación, etc), el tipo de artículo, el lugar donde fue publicado y las palabras claves. Por otro lado, además de poder cargar artículos, los investigadores quieren poder suscribirse para recibir artículos de acuerdo a los criterios precedentes. Es decir, si un investigador desea recibir notificaciones para cada nueva publicación de la conferencia “Smalltalks” se registra al sistema y cada vez que se ingresa una nueva publicación de esa conferencia recibe un mensaje de aviso.&lt;br /&gt;Las suscripciones pueden combinar cualquiera de los campos que se incluyen en la carga.&lt;/p&gt;
&lt;ol&gt;
&lt;li&gt;
&lt;p&gt;Modele el problema utilizando diagrama de clases UML.&lt;/p&gt;
&lt;/li&gt;
&lt;li&gt;
&lt;p&gt;Indique cual o cuales patrones de diseño utilizó indicando los roles.&lt;/p&gt;
&lt;/li&gt;
&lt;li&gt;
&lt;p&gt;Implemente los test necesarios relacionados con la funcionalidad de agregar un artículos  y verificar las notificaciones.&lt;/p&gt;
&lt;/li&gt;
&lt;li&gt;
&lt;p&gt;Implemente la funcionalidad en Java.&lt;/p&gt;
&lt;/li&gt;
&lt;/ol&gt;
&lt;h1&gt;&lt;span&gt;&lt;span&gt;&lt;span&gt;Ejercicio 2 – Encuentros Deportivos&lt;br /&gt;&lt;/span&gt;&lt;/span&gt;&lt;/span&gt;&lt;/h1&gt;
&lt;p&gt;Se desea desarrollar una aplicación que concentre resultados de distintos encuentros deportivos (partido), y que distribuya los mismos a distintos servidores interesados en determinada información en particular.&lt;/p&gt;
&lt;p&gt;Cada vez que se lleva a cabo un partido, se ingresa en el servidor:&lt;/p&gt;
&lt;ul&gt;
&lt;li&gt;el resultado (asumamos que simplemente se trata de un texto)&lt;/li&gt;
&lt;li&gt;los contrincantes (lista de nombres de contrincantes)&lt;/li&gt;
&lt;li&gt;el deporte&lt;/li&gt;
&lt;/ul&gt;
&lt;p&gt;Es importante tener en cuenta que los servidores que reciben la información, pueden estar suscriptos a un conjunto de deportes, por lo que podría pasar que haya servidores que solo  quieran recibir información de Tenis, otros de Futbol y Basquet y otros de Ping Pong. Esto quiere decir, que debe tener en cuenta a qué información están suscriptos para luego enviar las notificaciones.&lt;/p&gt;
&lt;p&gt;Además, existen aplicaciones móviles que le permiten a una persona recibir los resultados de aquellos deportes o contrincantes que les interesa. Para ello, se suscriben a la información relacionada a un deporte y/o un contrincante particular.&lt;/p&gt;
&lt;p&gt;&lt;strong&gt;En las alternativas, es imprescindible que se minimice la interacción entre el servidor y las aplicaciones móviles. Esto significa que solamente se les puede enviar un mensaje a las aplicaciones móviles cuando se produzca una actualización de alguna de sus suscripciones.&lt;/strong&gt;&lt;/p&gt;
&lt;ol&gt;
&lt;li&gt;Realice un diagrama de clases UML que modele una solución.&lt;/li&gt;
&lt;li&gt;Implemente en Java utilizando TDD.&lt;/li&gt;
&lt;/ol&gt;
&lt;h1&gt;&lt;span&gt;&lt;span&gt;&lt;span&gt;Ejercicio 3 – Concursos de preguntas y respuestas&lt;br /&gt;&lt;/span&gt;&lt;/span&gt;&lt;/span&gt;&lt;/h1&gt;
&lt;p&gt;En esta oportunidad necesitamos el desarrollo de un sistema para organizar un concurso de preguntas y respuestas.  En el juego se debe determinar, de un numero de participantes, el primero que llegue a responder correctamente las preguntas listadas en un cuestionario.&lt;/p&gt;
&lt;p&gt; &lt;/p&gt;
&lt;p&gt;En el juego participan solamente cinco participantes. La mecánica es la siguiente, cada participante debe solicitar sumarse a la siguiente partida. Luego de solicitar la participación, el jugador espera que el servidor del juego le notifique que esta listo para jugar. Con la notificación del servidor también recibe el listado con las cinco preguntas que conforman la partida. Una vez que el jugador fue notificado y conoce el listado de las preguntas, puede enviarle al servidor de a una por vez las respuestas a las preguntas que recibió. Esta acción, puede hacerla solamente después que el servidor le haya enviado la notificación de aceptación y hasta que el servidor decida que terminó el juego.&lt;/p&gt;
&lt;p&gt; &lt;/p&gt;
&lt;p&gt;Cada jugador puede enviar una única respuesta por vez y debe indicar a que pregunta corresponde. Por cada respuesta que recibe el servidor realiza las siguientes acciones:&lt;/p&gt;
&lt;ul&gt;
&lt;li&gt;&lt;span&gt;Verifica si la pregunta es correcta o no.&lt;/span&gt;&lt;/li&gt;
&lt;li&gt;&lt;span&gt;En caso de ser correcta, contabiliza que el jugador que realizo la pregunta la respondió correctamente.&lt;/span&gt;&lt;/li&gt;
&lt;li&gt;&lt;span&gt;Notifica al jugador que respondió correctamente.&lt;/span&gt;&lt;/li&gt;
&lt;li&gt;&lt;span&gt;Notifica a todos los jugadores de la ronda, el nombre del jugador que respondió correctamente y el enunciado de la pregunta (sin incluir la respuesta).&lt;/span&gt;&lt;/li&gt;
&lt;li&gt;&lt;span&gt;Si el jugador respondió correctamente a la ultima pregunta sin responder, finaliza la partida y notifica a todos los participantes el nombre del ganador.&lt;/span&gt;&lt;/li&gt;
&lt;/ul&gt;
&lt;p&gt;En caso de no ser correcta la respuesta, el juego solamente notifica al jugador que su respuesta no es correcta.&lt;/p&gt;
&lt;p&gt;El juego, está encargado de poder esperar jugadores para iniciar, una vez iniciado recibir las respuestas y notificar de los sucesos como fue indicado, además debe poder finalizarse. Todo lo anterior incluyendo las notificaciones pertinentes.&lt;/p&gt;
&lt;p&gt;Por su parte, el jugador debe poder desenvolverse en el desarrollo del juego sin poder realizar acciones no permitidas. Cuando las realiza debe notificarse en consola que esa acción no es permitida. Nota: no se tiene en cuenta el caso en que algún jugador quede fuera de una partida.&lt;/p&gt;
&lt;p&gt;Para este ejercicio debe realizar lo siguiente:&lt;/p&gt;
&lt;ol&gt;
&lt;li&gt;&lt;span&gt;Modelar una solución orientada a objetos utilizando un diagrama de clases UML.&lt;/span&gt;&lt;/li&gt;
&lt;li&gt;&lt;span&gt;Indicar, si es que es posible, que patrones de diseño utilizo en su solución y los roles de las clases involucradas.&lt;/span&gt;&lt;/li&gt;
&lt;li&gt;&lt;span&gt;Realice un test de unidad que permita verificar que cuando el servidor recibe una respuesta incorrecta, notifica correctamente.&lt;/span&gt;&lt;/li&gt;
&lt;li&gt;Implementar la funcionalidad en Java.&lt;/li&gt;
&lt;/ol&gt;
&lt;p&gt;&lt;/p&gt;
&lt;h1 lang=&quot;es-ES&quot; align=&quot;justify&quot;&gt;&lt;span color=&quot;#548dd4&quot;&gt;&lt;span face=&quot;Arial, sans-serif&quot;&gt;&lt;span size=&quot;3&quot;&gt;&lt;span style=&quot;color: #000000; font-size: large;&quot;&gt;Ejercicio 4 – Sistemas de Alarma&lt;/span&gt;&lt;br /&gt;&lt;/span&gt;&lt;/span&gt;&lt;/span&gt;&lt;/h1&gt;
&lt;p lang=&quot;es-ES&quot; align=&quot;justify&quot;&gt;&lt;span color=&quot;#000000&quot;&gt;&lt;span face=&quot;Arial, sans-serif&quot;&gt;&lt;span size=&quot;3&quot;&gt;Una Empresa de Seguridad se dedica a la instalación de Sistemas de Alarmas en inmuebles. Cada Sistema de Alarma instalado en un inmueble está monitoreado por la Empresa de Seguridad, y está constituido por los siguientes componentes:&lt;/span&gt;&lt;/span&gt;&lt;/span&gt;&lt;/p&gt;
&lt;p lang=&quot;es-ES&quot; align=&quot;justify&quot;&gt;&lt;/p&gt;
&lt;ul&gt;
&lt;li size=&quot;3&quot;&gt;&lt;span color=&quot;#000000&quot; style=&quot;color: #000000;&quot;&gt;&lt;span face=&quot;Arial, sans-serif&quot;&gt;&lt;span size=&quot;3&quot;&gt;Una Central Local: es quien coordina a todos los componentes del Sistema de Alarma, por lo que todos estos componentes se conectan a esta central.&lt;/span&gt;&lt;/span&gt;&lt;/span&gt;&lt;/li&gt;
&lt;li align=&quot;justify&quot; lang=&quot;es-ES&quot;&gt;&lt;span color=&quot;#000000&quot; style=&quot;color: #000000;&quot;&gt;&lt;span face=&quot;Arial, sans-serif&quot;&gt;&lt;span size=&quot;3&quot;&gt;Tablero de Control: es la interfaz mediante la cual el usuario opera el Sistema de Alarma. Mediante este componente puede activar, desactivar y monitorear el sistema.&lt;/span&gt;&lt;/span&gt;&lt;/span&gt;&lt;/li&gt;
&lt;li align=&quot;justify&quot; lang=&quot;es-ES&quot;&gt;&lt;span color=&quot;#000000&quot; style=&quot;color: #000000;&quot;&gt;&lt;span face=&quot;Arial, sans-serif&quot;&gt;&lt;span size=&quot;3&quot;&gt;Sensores de Movimiento: son pequeños dispositivos que detectan movimiento en un área determinada, avisando a la central cuando lo detectan.&lt;/span&gt;&lt;/span&gt;&lt;/span&gt;&lt;/li&gt;
&lt;li align=&quot;justify&quot; lang=&quot;es-ES&quot;&gt;&lt;span color=&quot;#000000&quot; style=&quot;color: #000000;&quot;&gt;&lt;span face=&quot;Arial, sans-serif&quot;&gt;&lt;span size=&quot;3&quot;&gt;Sensores de Apertura: son pequeños dispositivos que detectan la apertura de puertas y ventanas, avisando a la central cuando la detectan.&lt;/span&gt;&lt;/span&gt;&lt;/span&gt;&lt;/li&gt;
&lt;li align=&quot;justify&quot; lang=&quot;es-ES&quot;&gt;&lt;span color=&quot;#000000&quot; style=&quot;color: #000000;&quot;&gt;&lt;span face=&quot;Arial, sans-serif&quot;&gt;&lt;span size=&quot;3&quot;&gt;Alarma: es el dispositivo sonoro (tipo sirena) que se activa por orden de la central.&lt;/span&gt;&lt;/span&gt;&lt;/span&gt;&lt;/li&gt;
&lt;li align=&quot;justify&quot; lang=&quot;es-ES&quot;&gt;&lt;span color=&quot;#000000&quot; style=&quot;color: #000000;&quot;&gt;&lt;span face=&quot;Arial, sans-serif&quot;&gt;&lt;span size=&quot;3&quot;&gt;Dispositivo de Comunicación: es el dispositivo que comunica al Sistema de Alarma con la Empresa de Seguridad, lo cual permite el monitoreo a distancia del inmueble. A través de él, la central local comunica a la empresa eventos tales como activación/desactivación del sistema y disparo de la alarma.&lt;/span&gt;&lt;/span&gt;&lt;/span&gt;&lt;/li&gt;
&lt;/ul&gt;
&lt;p lang=&quot;es-ES&quot; align=&quot;justify&quot;&gt;&lt;span color=&quot;#000000&quot;&gt;&lt;span face=&quot;Arial, sans-serif&quot;&gt;&lt;span size=&quot;3&quot;&gt;&lt;br /&gt;Cada nuevo Sistema de Alarma se instala mediante los siguientes pasos:&lt;/span&gt;&lt;/span&gt;&lt;/span&gt;&lt;/p&gt;
&lt;ol&gt;
&lt;li align=&quot;justify&quot; lang=&quot;es-ES&quot;&gt;&lt;span color=&quot;#000000&quot; style=&quot;color: #000000;&quot;&gt;&lt;span face=&quot;Arial, sans-serif&quot;&gt;&lt;span size=&quot;3&quot;&gt;Instalación de una Central Local.&lt;/span&gt;&lt;/span&gt;&lt;/span&gt;&lt;/li&gt;
&lt;li align=&quot;justify&quot; lang=&quot;es-ES&quot;&gt;&lt;span color=&quot;#000000&quot; style=&quot;color: #000000;&quot;&gt;&lt;span face=&quot;Arial, sans-serif&quot;&gt;&lt;span size=&quot;3&quot;&gt;Instalación de un Tablero de Control.&lt;/span&gt;&lt;/span&gt;&lt;/span&gt;&lt;/li&gt;
&lt;li align=&quot;justify&quot; lang=&quot;es-ES&quot;&gt;&lt;span color=&quot;#000000&quot; style=&quot;color: #000000;&quot;&gt;&lt;span face=&quot;Arial, sans-serif&quot;&gt;&lt;span size=&quot;3&quot;&gt;Instalación de Sensores de Movimiento (cantidad especificada por el suario).&lt;/span&gt;&lt;/span&gt;&lt;/span&gt;&lt;/li&gt;
&lt;li align=&quot;justify&quot; lang=&quot;es-ES&quot;&gt;&lt;span color=&quot;#000000&quot; style=&quot;color: #000000;&quot;&gt;&lt;span face=&quot;Arial, sans-serif&quot;&gt;&lt;span size=&quot;3&quot;&gt;Instalación de Sensores de Apertura (cantidad especificada por el usuario).&lt;/span&gt;&lt;/span&gt;&lt;/span&gt;&lt;/li&gt;
&lt;li align=&quot;justify&quot; lang=&quot;es-ES&quot;&gt;&lt;span color=&quot;#000000&quot; style=&quot;color: #000000;&quot;&gt;&lt;span face=&quot;Arial, sans-serif&quot;&gt;&lt;span size=&quot;3&quot;&gt;Instalación de una Alarma.&lt;/span&gt;&lt;/span&gt;&lt;/span&gt;&lt;/li&gt;
&lt;li align=&quot;justify&quot; lang=&quot;es-ES&quot;&gt;&lt;span color=&quot;#000000&quot; style=&quot;color: #000000;&quot;&gt;&lt;span face=&quot;Arial, sans-serif&quot;&gt;&lt;span size=&quot;3&quot;&gt;Instalación de un Dispositivo de Comunicación.&lt;/span&gt;&lt;/span&gt;&lt;/span&gt;&lt;/li&gt;
&lt;/ol&gt;
&lt;p lang=&quot;es-ES&quot; align=&quot;justify&quot;&gt;&lt;span color=&quot;#000000&quot;&gt;&lt;span face=&quot;Arial, sans-serif&quot;&gt;&lt;span size=&quot;3&quot;&gt;&lt;br /&gt;Si bien el proceso de instalación para todos los Sistemas de Alarmas es el anteriormente descripto, cada uno puede ser instalado de acuerdo a dos tipos distintos de configuración: Standard o de Alta Seguridad. La diferencia entre una y otra configuración es el tipo de componentes por los que está compuesto el sistema, de forma tal que los componentes de la segunda configuración son de mayor confiabilidad (vulnerabilidad, errores y falsos positivos) que los de la primera configuración. En este sentido, cada configuración tiene las siguientes particularidades.&lt;/span&gt;&lt;/span&gt;&lt;/span&gt;&lt;/p&gt;
&lt;p lang=&quot;es-ES&quot; align=&quot;justify&quot;&gt;&lt;span color=&quot;#000000&quot;&gt;&lt;span face=&quot;Arial, sans-serif&quot;&gt;&lt;span size=&quot;3&quot;&gt;&lt;br /&gt;En la Configuración Standard se instalan sensores de movimiento infra-rojos, sensores de apertura magnéticos, un dispositivo de comunicación telefónico y una alarma que corresponde a un modelo básico.&lt;/span&gt;&lt;/span&gt;&lt;/span&gt;&lt;/p&gt;
&lt;p lang=&quot;es-ES&quot; align=&quot;justify&quot;&gt;&lt;span color=&quot;#000000&quot;&gt;&lt;span face=&quot;Arial, sans-serif&quot;&gt;&lt;span size=&quot;3&quot;&gt;En la Configuración de Alta Seguridad se instalan sensores de movimiento por ultrasonido, sensores de apertura ópticos, el dispositivo de comunicación es de radiofrecuencia y la alarma corresponde a un modelo antirrobo, que se dispara ante el primer intento de remoción de su carcaza.&lt;br /&gt;&lt;/span&gt;&lt;/span&gt;&lt;/span&gt;&lt;/p&gt;
&lt;p lang=&quot;es-ES&quot; align=&quot;justify&quot;&gt;&lt;span color=&quot;#000000&quot;&gt;&lt;span face=&quot;Arial, sans-serif&quot;&gt;&lt;span size=&quot;3&quot;&gt;En cuanto a la Central Local y Tablero de Control, ambas configuraciones contemplan el uso del mismo tipo.&lt;br /&gt;&lt;/span&gt;&lt;/span&gt;&lt;/span&gt;&lt;/p&gt;
&lt;p lang=&quot;es-ES&quot; align=&quot;justify&quot;&gt;&lt;/p&gt;
&lt;p lang=&quot;es-ES&quot; align=&quot;justify&quot;&gt;&lt;span color=&quot;#000000&quot;&gt;&lt;span face=&quot;Arial, sans-serif&quot;&gt;&lt;span size=&quot;3&quot;&gt;&lt;span style=&quot;text-decoration: underline;&quot;&gt;Tareas a realizar&lt;/span&gt;:&lt;/span&gt;&lt;/span&gt;&lt;/span&gt;&lt;/p&gt;
&lt;p&gt;&lt;/p&gt;
&lt;ol&gt;
&lt;li style=&quot;list-style-type: none;&quot;&gt;&lt;ol&gt;
&lt;li align=&quot;justify&quot; lang=&quot;es-ES&quot;&gt;&lt;span color=&quot;#000000&quot; style=&quot;color: #000000;&quot;&gt;&lt;span face=&quot;Arial, sans-serif&quot;&gt;&lt;span size=&quot;3&quot;&gt;Especifique qué Patrón de Diseño cree apropiado aplicar en este contexto y por qué.&lt;/span&gt;&lt;/span&gt;&lt;/span&gt;&lt;/li&gt;
&lt;li align=&quot;justify&quot; lang=&quot;es-ES&quot;&gt;&lt;span color=&quot;#000000&quot; style=&quot;color: #000000;&quot;&gt;&lt;span face=&quot;Arial, sans-serif&quot;&gt;&lt;span size=&quot;3&quot;&gt;Diseñe un diagrama de clases que modele el problema.&lt;/span&gt;&lt;/span&gt;&lt;/span&gt;&lt;/li&gt;
&lt;li align=&quot;justify&quot; lang=&quot;es-ES&quot;&gt;&lt;span color=&quot;#000000&quot; style=&quot;color: #000000;&quot;&gt;&lt;span face=&quot;Arial, sans-serif&quot;&gt;&lt;span size=&quot;3&quot;&gt;Especifique la relación entre las clases de su modelo y los roles de las clases participantes del patrón de diseño seleccionado (según el libro de Gamma).&lt;/span&gt;&lt;/span&gt;&lt;/span&gt;&lt;/li&gt;
&lt;li align=&quot;justify&quot; lang=&quot;es-ES&quot;&gt;&lt;span color=&quot;#000000&quot; style=&quot;color: #000000;&quot;&gt;&lt;span face=&quot;Arial, sans-serif&quot;&gt;&lt;span size=&quot;3&quot;&gt;No es necesario que implemente el patrón Observer, pero explique cómo ese patrón se articularía con el seleccionado aquí.&lt;/span&gt;&lt;/span&gt;&lt;/span&gt;&lt;/li&gt;
&lt;/ol&gt;&lt;/li&gt;
&lt;/ol&gt;
&lt;p&gt;&lt;span color=&quot;#000000&quot; style=&quot;color: #000000;&quot;&gt;&lt;span face=&quot;Arial, sans-serif&quot;&gt;&lt;span size=&quot;3&quot;&gt;&lt;/span&gt;&lt;/span&gt;&lt;/span&gt; &lt;/p&gt;"></unicode>
           <string role="key" value="exe.engine.field.Field.persistenceVersion"></string>
           <int value="4"></int>
           <string role="key" value="exe.engine.field.FieldWithResources.persistenceVersion"></string>
           <int value="2"></int>
           <string role="key" value="exe.engine.field.TextAreaField.persistenceVersion"></string>
           <int value="3"></int>
           <string role="key" value="htmlTag"></string>
           <string value="div"></string>
           <string role="key" value="images"></string>
           <instance class="exe.engine.galleryidevice.GalleryImages">
            <dictionary>
             <string role="key" value=".listitems"></string>
             <list></list>
             <string role="key" value="idevice"></string>
             <reference key="5"></reference>
            </dictionary>
           </instance>
           <string role="key" value="intlinks_to_anchors"></string>
           <dictionary></dictionary>
           <string role="key" value="nextImageId"></string>
           <int value="0"></int>
           <string role="key" value="parentNode"></string>
           <reference key="3"></reference>
          </dictionary>
         </instance>
        </list>
        <string role="key" value="icon"></string>
        <unicode value="activity"></unicode>
        <string role="key" value="id"></string>
        <unicode value="1"></unicode>
        <string role="key" value="lastIdevice"></string>
        <bool value="0"></bool>
        <string role="key" value="nextFieldId"></string>
        <int value="3"></int>
        <string role="key" value="originalicon"></string>
        <unicode value="activity"></unicode>
        <string role="key" value="parentNode"></string>
        <reference key="3"></reference>
        <string role="key" value="systemResources"></string>
        <list>
         <string value="common.js"></string>
        </list>
        <string role="key" value="undo"></string>
        <bool value="1"></bool>
        <string role="key" value="userResources"></string>
        <list></list>
        <string role="key" value="version"></string>
        <int value="0"></int>
       </dictionary>
      </instance>
     </list>
     <string role="key" value="_id"></string>
     <unicode value="0"></unicode>
     <string role="key" value="_package"></string>
     <reference key="6"></reference>
     <string role="key" value="anchor_fields"></string>
     <list></list>
     <string role="key" value="exe.engine.node.Node.persistenceVersion"></string>
     <int value="2"></int>
     <string role="key" value="exportType"></string>
     <string value="website"></string>
     <string role="key" value="last_full_node_path"></string>
     <string value="exe-node:Inicio%20-%20Observer%20y%20Abstract%20Factory"></string>
     <string role="key" value="parent"></string>
     <none></none>
     <string role="key" value="top_anchors_linked_from_fields"></string>
     <list></list>
     <string role="key" value="children"></string>
     <list></list>
    </dictionary>
   </instance>
  </dictionary>
  <string role="key" value="_objectives"></string>
  <unicode value=""></unicode>
  <string role="key" value="_preknowledge"></string>
  <unicode value=""></unicode>
  <string role="key" value="backgroundImgTile"></string>
  <bool value="0"></bool>
  <string role="key" value="compatibleWithVersion9"></string>
  <bool value="0"></bool>
  <string role="key" value="currentNode"></string>
  <reference key="3"></reference>
  <string role="key" value="dublinCore"></string>
  <instance class="exe.engine.package.DublinCore">
   <dictionary>
    <string role="key" value="contributors"></string>
    <unicode value=""></unicode>
    <string role="key" value="coverage"></string>
    <unicode value=""></unicode>
    <string role="key" value="creator"></string>
    <unicode value=""></unicode>
    <string role="key" value="date"></string>
    <unicode value=""></unicode>
    <string role="key" value="description"></string>
    <unicode value=""></unicode>
    <string role="key" value="format"></string>
    <unicode value=""></unicode>
    <string role="key" value="identifier"></string>
    <unicode value="02dff1c3-0630-4823-a1b8-76fe1bded9ec"></unicode>
    <string role="key" value="language"></string>
    <unicode value="es"></unicode>
    <string role="key" value="publisher"></string>
    <unicode value=""></unicode>
    <string role="key" value="relation"></string>
    <unicode value=""></unicode>
    <string role="key" value="rights"></string>
    <unicode value=""></unicode>
    <string role="key" value="source"></string>
    <unicode value=""></unicode>
    <string role="key" value="subject"></string>
    <unicode value=""></unicode>
    <string role="key" value="title"></string>
    <unicode value=""></unicode>
    <string role="key" value="type"></string>
    <unicode value=""></unicode>
   </dictionary>
  </instance>
  <string role="key" value="exe.engine.package.Package.persistenceVersion"></string>
  <int value="13"></int>
  <string role="key" value="exportMetadataType"></string>
  <string value="LOMES"></string>
  <string role="key" value="exportSource"></string>
  <bool value="1"></bool>
  <string role="key" value="footer"></string>
  <string value=""></string>
  <string role="key" value="license"></string>
  <unicode value="creative commons: attribution - share alike 4.0"></unicode>
  <string role="key" value="lom"></string>
  <instance class="exe.engine.lom.lomsubs.lomSub">
   <dictionary>
    <string role="key" value="__index__"></string>
    <dictionary></dictionary>
    <string role="key" value="__oldchild__"></string>
    <none></none>
    <string role="key" value="annotation"></string>
    <list></list>
    <string role="key" value="classification"></string>
    <list></list>
    <string role="key" value="educational"></string>
    <list>
     <instance class="exe.engine.lom.lomsubs.educationalSub">
      <dictionary>
       <string role="key" value="cognitiveProcess"></string>
       <list></list>
       <string role="key" value="context"></string>
       <list></list>
       <string role="key" value="description"></string>
       <list></list>
       <string role="key" value="difficulty"></string>
       <none></none>
       <string role="key" value="intendedEndUserRole"></string>
       <list></list>
       <string role="key" value="interactivityLevel"></string>
       <none></none>
       <string role="key" value="interactivityType"></string>
       <none></none>
       <string role="key" value="language"></string>
       <list>
        <instance class="exe.engine.lom.lomsubs.LanguageIdSub">
         <dictionary>
          <string role="key" value="extensiontype_"></string>
          <none></none>
          <string role="key" value="valueOf_"></string>
          <string value="es"></string>
         </dictionary>
        </instance>
       </list>
       <string role="key" value="learningResourceType"></string>
       <list></list>
       <string role="key" value="semanticDensity"></string>
       <none></none>
       <string role="key" value="typicalAgeRange"></string>
       <list></list>
       <string role="key" value="typicalLearningTime"></string>
       <none></none>
      </dictionary>
     </instance>
    </list>
    <string role="key" value="general"></string>
    <instance class="exe.engine.lom.lomsubs.generalSub">
     <dictionary>
      <string role="key" value="aggregationLevel"></string>
      <instance class="exe.engine.lom.lomsubs.aggregationLevelSub">
       <dictionary>
        <string role="key" value="extensiontype_"></string>
        <none></none>
        <string role="key" value="source"></string>
        <instance class="exe.engine.lom.lomsubs.sourceValueSub">
         <dictionary>
          <string role="key" value="extensiontype_"></string>
          <none></none>
          <string role="key" value="string"></string>
          <list></list>
          <string role="key" value="uniqueElementName"></string>
          <string value="source"></string>
          <string role="key" value="valueOf_"></string>
          <string value="LOMv1.0"></string>
         </dictionary>
        </instance>
        <string role="key" value="uniqueElementName"></string>
        <string value="aggregationLevel"></string>
        <string role="key" value="value"></string>
        <instance class="exe.engine.lom.lomsubs.aggregationLevelValueSub">
         <dictionary>
          <string role="key" value="extensiontype_"></string>
          <none></none>
          <string role="key" value="source"></string>
          <none></none>
          <string role="key" value="uniqueElementName"></string>
          <string value="value"></string>
          <string role="key" value="value"></string>
          <none></none>
          <string role="key" value="valueOf_"></string>
          <string value="2"></string>
         </dictionary>
        </instance>
       </dictionary>
      </instance>
      <string role="key" value="coverage"></string>
      <list></list>
      <string role="key" value="description"></string>
      <list></list>
      <string role="key" value="identifier"></string>
      <list>
       <instance class="exe.engine.lom.lomsubs.identifierSub">
        <dictionary>
         <string role="key" value="catalog"></string>
         <instance class="exe.engine.lom.lomsubs.catalogSub">
          <dictionary>
           <string role="key" value="uniqueElementName"></string>
           <string value="catalog"></string>
           <string role="key" value="valueOf_"></string>
           <unicode value="Mi catálogo"></unicode>
          </dictionary>
         </instance>
         <string role="key" value="entry"></string>
         <instance class="exe.engine.lom.lomsubs.entrySub">
          <dictionary>
           <string role="key" value="uniqueElementName"></string>
           <string value="entry"></string>
           <string role="key" value="valueOf_"></string>
           <unicode value="02dff1c3-0630-4823-a1b8-76fe1bded9ec"></unicode>
          </dictionary>
         </instance>
        </dictionary>
       </instance>
      </list>
      <string role="key" value="keyword"></string>
      <list></list>
      <string role="key" value="language"></string>
      <list>
       <instance class="exe.engine.lom.lomsubs.LanguageIdSub">
        <dictionary>
         <string role="key" value="extensiontype_"></string>
         <none></none>
         <string role="key" value="valueOf_"></string>
         <string value="es"></string>
        </dictionary>
       </instance>
      </list>
      <string role="key" value="structure"></string>
      <none></none>
      <string role="key" value="title"></string>
      <none></none>
      <string role="key" value="uniqueElementName"></string>
      <string value="general"></string>
     </dictionary>
    </instance>
    <string role="key" value="lifeCycle"></string>
    <none></none>
    <string role="key" value="metaMetadata"></string>
    <instance class="exe.engine.lom.lomsubs.metaMetadataSub">
     <dictionary>
      <string role="key" value="contribute"></string>
      <list></list>
      <string role="key" value="identifier"></string>
      <list></list>
      <string role="key" value="language"></string>
      <instance class="exe.engine.lom.lomsubs.LanguageIdSub">
       <dictionary>
        <string role="key" value="extensiontype_"></string>
        <none></none>
        <string role="key" value="valueOf_"></string>
        <string value="es"></string>
       </dictionary>
      </instance>
      <string role="key" value="metadataSchema"></string>
      <list>
       <instance class="exe.engine.lom.lomsubs.metadataSchemaSub">
        <dictionary>
         <string role="key" value="valueOf_"></string>
         <string value="LOMv1.0"></string>
        </dictionary>
       </instance>
      </list>
      <string role="key" value="uniqueElementName"></string>
      <string value="metaMetadata"></string>
     </dictionary>
    </instance>
    <string role="key" value="relation"></string>
    <list></list>
    <string role="key" value="rights"></string>
    <none></none>
    <string role="key" value="technical"></string>
    <none></none>
   </dictionary>
  </instance>
  <string role="key" value="lomEs"></string>
  <instance class="exe.engine.lom.lomsubs.lomSub">
   <dictionary>
    <string role="key" value="__index__"></string>
    <dictionary></dictionary>
    <string role="key" value="__oldchild__"></string>
    <none></none>
    <string role="key" value="annotation"></string>
    <list></list>
    <string role="key" value="classification"></string>
    <list></list>
    <string role="key" value="educational"></string>
    <list>
     <instance class="exe.engine.lom.lomsubs.educationalSub">
      <dictionary>
       <string role="key" value="cognitiveProcess"></string>
       <list></list>
       <string role="key" value="context"></string>
       <list></list>
       <string role="key" value="description"></string>
       <list></list>
       <string role="key" value="difficulty"></string>
       <none></none>
       <string role="key" value="intendedEndUserRole"></string>
       <list></list>
       <string role="key" value="interactivityLevel"></string>
       <none></none>
       <string role="key" value="interactivityType"></string>
       <none></none>
       <string role="key" value="language"></string>
       <list>
        <instance class="exe.engine.lom.lomsubs.LanguageIdSub">
         <dictionary>
          <string role="key" value="extensiontype_"></string>
          <none></none>
          <string role="key" value="valueOf_"></string>
          <string value="es"></string>
         </dictionary>
        </instance>
       </list>
       <string role="key" value="learningResourceType"></string>
       <list></list>
       <string role="key" value="semanticDensity"></string>
       <none></none>
       <string role="key" value="typicalAgeRange"></string>
       <list></list>
       <string role="key" value="typicalLearningTime"></string>
       <none></none>
      </dictionary>
     </instance>
    </list>
    <string role="key" value="general"></string>
    <instance class="exe.engine.lom.lomsubs.generalSub">
     <dictionary>
      <string role="key" value="aggregationLevel"></string>
      <instance class="exe.engine.lom.lomsubs.aggregationLevelSub">
       <dictionary>
        <string role="key" value="extensiontype_"></string>
        <none></none>
        <string role="key" value="source"></string>
        <instance class="exe.engine.lom.lomsubs.sourceValueSub">
         <dictionary>
          <string role="key" value="extensiontype_"></string>
          <none></none>
          <string role="key" value="string"></string>
          <list></list>
          <string role="key" value="uniqueElementName"></string>
          <string value="source"></string>
          <string role="key" value="valueOf_"></string>
          <string value="LOM-ESv1.0"></string>
         </dictionary>
        </instance>
        <string role="key" value="uniqueElementName"></string>
        <string value="aggregationLevel"></string>
        <string role="key" value="value"></string>
        <instance class="exe.engine.lom.lomsubs.aggregationLevelValueSub">
         <dictionary>
          <string role="key" value="extensiontype_"></string>
          <none></none>
          <string role="key" value="source"></string>
          <none></none>
          <string role="key" value="uniqueElementName"></string>
          <string value="value"></string>
          <string role="key" value="value"></string>
          <none></none>
          <string role="key" value="valueOf_"></string>
          <string value="2"></string>
         </dictionary>
        </instance>
       </dictionary>
      </instance>
      <string role="key" value="coverage"></string>
      <list></list>
      <string role="key" value="description"></string>
      <list></list>
      <string role="key" value="identifier"></string>
      <list>
       <instance class="exe.engine.lom.lomsubs.identifierSub">
        <dictionary>
         <string role="key" value="catalog"></string>
         <instance class="exe.engine.lom.lomsubs.catalogSub">
          <dictionary>
           <string role="key" value="uniqueElementName"></string>
           <string value="catalog"></string>
           <string role="key" value="valueOf_"></string>
           <unicode value="Mi catálogo"></unicode>
          </dictionary>
         </instance>
         <string role="key" value="entry"></string>
         <instance class="exe.engine.lom.lomsubs.entrySub">
          <dictionary>
           <string role="key" value="uniqueElementName"></string>
           <string value="entry"></string>
           <string role="key" value="valueOf_"></string>
           <unicode value="02dff1c3-0630-4823-a1b8-76fe1bded9ec"></unicode>
          </dictionary>
         </instance>
        </dictionary>
       </instance>
      </list>
      <string role="key" value="keyword"></string>
      <list></list>
      <string role="key" value="language"></string>
      <list>
       <instance class="exe.engine.lom.lomsubs.LanguageIdSub">
        <dictionary>
         <string role="key" value="extensiontype_"></string>
         <none></none>
         <string role="key" value="valueOf_"></string>
         <string value="es"></string>
        </dictionary>
       </instance>
      </list>
      <string role="key" value="structure"></string>
      <none></none>
      <string role="key" value="title"></string>
      <none></none>
      <string role="key" value="uniqueElementName"></string>
      <string value="general"></string>
     </dictionary>
    </instance>
    <string role="key" value="lifeCycle"></string>
    <none></none>
    <string role="key" value="metaMetadata"></string>
    <instance class="exe.engine.lom.lomsubs.metaMetadataSub">
     <dictionary>
      <string role="key" value="contribute"></string>
      <list></list>
      <string role="key" value="identifier"></string>
      <list></list>
      <string role="key" value="language"></string>
      <instance class="exe.engine.lom.lomsubs.LanguageIdSub">
       <dictionary>
        <string role="key" value="extensiontype_"></string>
        <none></none>
        <string role="key" value="valueOf_"></string>
        <string value="es"></string>
       </dictionary>
      </instance>
      <string role="key" value="metadataSchema"></string>
      <list>
       <instance class="exe.engine.lom.lomsubs.metadataSchemaSub">
        <dictionary>
         <string role="key" value="valueOf_"></string>
         <string value="LOM-ESv1.0"></string>
        </dictionary>
       </instance>
      </list>
      <string role="key" value="uniqueElementName"></string>
      <string value="metaMetadata"></string>
     </dictionary>
    </instance>
    <string role="key" value="relation"></string>
    <list></list>
    <string role="key" value="rights"></string>
    <instance class="exe.engine.lom.lomsubs.rightsSub">
     <dictionary>
      <string role="key" value="access"></string>
      <instance class="exe.engine.lom.lomsubs.accessSub">
       <dictionary>
        <string role="key" value="accessType"></string>
        <instance class="exe.engine.lom.lomsubs.accessTypeSub">
         <dictionary>
          <string role="key" value="extensiontype_"></string>
          <none></none>
          <string role="key" value="source"></string>
          <instance class="exe.engine.lom.lomsubs.sourceValueSub">
           <dictionary>
            <string role="key" value="extensiontype_"></string>
            <none></none>
            <string role="key" value="string"></string>
            <list></list>
            <string role="key" value="uniqueElementName"></string>
            <string value="source"></string>
            <string role="key" value="valueOf_"></string>
            <string value="LOM-ESv1.0"></string>
           </dictionary>
          </instance>
          <string role="key" value="uniqueElementName"></string>
          <string value="accessType"></string>
          <string role="key" value="value"></string>
          <instance class="exe.engine.lom.lomsubs.accessTypeValueSub">
           <dictionary>
            <string role="key" value="extensiontype_"></string>
            <none></none>
            <string role="key" value="source"></string>
            <none></none>
            <string role="key" value="uniqueElementName"></string>
            <string value="value"></string>
            <string role="key" value="value"></string>
            <none></none>
            <string role="key" value="valueOf_"></string>
            <string value="universal"></string>
           </dictionary>
          </instance>
         </dictionary>
        </instance>
        <string role="key" value="description"></string>
        <instance class="exe.engine.lom.lomsubs.LanguageStringSub">
         <dictionary>
          <string role="key" value="extensiontype_"></string>
          <none></none>
          <string role="key" value="string"></string>
          <list>
           <instance class="exe.engine.lom.lomsubs.LangStringSub">
            <dictionary>
             <string role="key" value="language"></string>
             <string value="es"></string>
             <string role="key" value="valueOf_"></string>
             <unicode value="Preestablecido"></unicode>
            </dictionary>
           </instance>
          </list>
         </dictionary>
        </instance>
        <string role="key" value="uniqueElementName"></string>
        <string value="access"></string>
       </dictionary>
      </instance>
      <string role="key" value="copyrightAndOtherRestrictions"></string>
      <none></none>
      <string role="key" value="cost"></string>
      <none></none>
      <string role="key" value="description"></string>
      <none></none>
      <string role="key" value="uniqueElementName"></string>
      <string value="rights"></string>
     </dictionary>
    </instance>
    <string role="key" value="technical"></string>
    <none></none>
   </dictionary>
  </instance>
  <string role="key" value="mxmlforcemediaonly"></string>
  <bool value="0"></bool>
  <string role="key" value="mxmlheight"></string>
  <string value=""></string>
  <string role="key" value="mxmlprofilelist"></string>
  <string value=""></string>
  <string role="key" value="mxmlwidth"></string>
  <string value=""></string>
  <string role="key" value="resources"></string>
  <dictionary></dictionary>
  <string role="key" value="root"></string>
  <reference key="3"></reference>
  <string role="key" value="scolinks"></string>
  <bool value="0"></bool>
  <string role="key" value="scowsinglepage"></string>
  <bool value="0"></bool>
  <string role="key" value="scowwebsite"></string>
  <bool value="0"></bool>
  <string role="key" value="style"></string>
  <unicode value="MAX"></unicode>
  <string role="key" value="sugaractivityname"></string>
  <string value=""></string>
  <string role="key" value="sugarservicename"></string>
  <string value=""></string>
  <string role="key" value="tempFile"></string>
  <bool value="0"></bool>
 </dictionary>
</instance>