<?xml version="1.0" encoding="utf-8"?>

<instance xmlns="http://www.exelearning.org/content/v0.3" reference="10" version="0.3" xmlns:xsi="http://www.w3.org/2001/XMLSchema-instance" xsi:schemalocation="http://www.exelearning.org/content/v0.3 content.xsd" class="exe.engine.package.Package">
 <dictionary>
  <string role="key" value="_title"></string>
  <unicode value="TP UML - Objetos 2 UNQ"></unicode>
  <string role="key" value="idevices"></string>
  <list></list>
  <string role="key" value="_author"></string>
  <unicode value="Diego Cano"></unicode>
  <string role="key" value="_backgroundImg"></string>
  <unicode value=""></unicode>
  <string role="key" value="_contextMode"></string>
  <unicode value="face to face"></unicode>
  <string role="key" value="_contextPlace"></string>
  <unicode value="classroom"></unicode>
  <string role="key" value="_description"></string>
  <unicode value=""></unicode>
  <string role="key" value="_docType"></string>
  <unicode value="XHTML"></unicode>
  <string role="key" value="_intendedEndUserRoleGroup"></string>
  <bool value="1"></bool>
  <string role="key" value="_intendedEndUserRoleTutor"></string>
  <bool value="0"></bool>
  <string role="key" value="_intendedEndUserRoleType"></string>
  <unicode value="learner"></unicode>
  <string role="key" value="_isChanged"></string>
  <bool value="0"></bool>
  <string role="key" value="_lang"></string>
  <unicode value="es"></unicode>
  <string role="key" value="_learningResourceType"></string>
  <unicode value="open problem"></unicode>
  <string role="key" value="_levelNames"></string>
  <list>
   <unicode value="Tema"></unicode>
   <unicode value="Sección"></unicode>
   <unicode value="Unidad"></unicode>
  </list>
  <string role="key" value="_name"></string>
  <unicode value="Mio"></unicode>
  <string role="key" value="_nextIdeviceId"></string>
  <int value="11"></int>
  <string role="key" value="_nextNodeId"></string>
  <int value="3"></int>
  <string role="key" value="_nodeIdDict"></string>
  <dictionary>
   <unicode role="key" value="0"></unicode>
   <instance class="exe.engine.node.Node" reference="3">
    <dictionary>
     <string role="key" value="_title"></string>
     <unicode value="Programación con Objetos 2 - TP JAVA-POO"></unicode>
     <string role="key" value="idevices"></string>
     <list>
      <instance class="exe.engine.genericidevice.GenericIdevice" reference="1">
       <dictionary>
        <string role="key" value="_title"></string>
        <unicode value="Objectives"></unicode>
        <string role="key" value="_author"></string>
        <unicode value="University of Auckland"></unicode>
        <string role="key" value="_purpose"></string>
        <unicode value="Objectives describe the expected outcomes of the learning and should
define what the learners will be able to do when they have completed the
learning tasks."></unicode>
        <string role="key" value="_tip"></string>
        <unicode value=""></unicode>
        <string role="key" value="class_"></string>
        <unicode value="objectives"></unicode>
        <string role="key" value="edit"></string>
        <bool value="0"></bool>
        <string role="key" value="emphasis"></string>
        <int value="1"></int>
        <string role="key" value="exe.engine.genericidevice.GenericIdevice.persistenceVersion"></string>
        <int value="11"></int>
        <string role="key" value="fields"></string>
        <list>
         <instance class="exe.engine.field.TextAreaField" reference="2">
          <dictionary>
           <string role="key" value="_id"></string>
           <unicode value="41_2"></unicode>
           <string role="key" value="_idevice"></string>
           <reference key="1"></reference>
           <string role="key" value="_instruc"></string>
           <unicode value="Type the learning objectives for this resource."></unicode>
           <string role="key" value="_name"></string>
           <unicode value="Objectives"></unicode>
           <string role="key" value="anchor_names"></string>
           <list></list>
           <string role="key" value="anchors_linked_from_fields"></string>
           <dictionary></dictionary>
           <string role="key" value="content_w_resourcePaths"></string>
           <unicode content="true" value="&lt;p dir=&quot;ltr&quot;&gt;&lt;span&gt;Aplicar conceptos de Programación Orientada a Objetos en Java.&lt;br /&gt;&lt;/span&gt;&lt;/p&gt;"></unicode>
           <string role="key" value="exe.engine.field.Field.persistenceVersion"></string>
           <int value="4"></int>
           <string role="key" value="exe.engine.field.FieldWithResources.persistenceVersion"></string>
           <int value="2"></int>
           <string role="key" value="exe.engine.field.TextAreaField.persistenceVersion"></string>
           <int value="3"></int>
           <string role="key" value="htmlTag"></string>
           <string value="div"></string>
           <string role="key" value="images"></string>
           <instance class="exe.engine.galleryidevice.GalleryImages">
            <dictionary>
             <string role="key" value=".listitems"></string>
             <list></list>
             <string role="key" value="idevice"></string>
             <reference key="2"></reference>
            </dictionary>
           </instance>
           <string role="key" value="intlinks_to_anchors"></string>
           <dictionary></dictionary>
           <string role="key" value="nextImageId"></string>
           <int value="0"></int>
           <string role="key" value="parentNode"></string>
           <reference key="3"></reference>
          </dictionary>
         </instance>
        </list>
        <string role="key" value="icon"></string>
        <unicode value="objectives"></unicode>
        <string role="key" value="id"></string>
        <unicode value="0"></unicode>
        <string role="key" value="lastIdevice"></string>
        <bool value="0"></bool>
        <string role="key" value="nextFieldId"></string>
        <int value="3"></int>
        <string role="key" value="originalicon"></string>
        <unicode value="objectives"></unicode>
        <string role="key" value="parentNode"></string>
        <reference key="3"></reference>
        <string role="key" value="systemResources"></string>
        <list>
         <string value="common.js"></string>
        </list>
        <string role="key" value="undo"></string>
        <bool value="1"></bool>
        <string role="key" value="userResources"></string>
        <list></list>
        <string role="key" value="version"></string>
        <int value="0"></int>
       </dictionary>
      </instance>
      <instance class="exe.engine.genericidevice.GenericIdevice" reference="4">
       <dictionary>
        <string role="key" value="_title"></string>
        <unicode value="Ejercicio 1"></unicode>
        <string role="key" value="_author"></string>
        <string value=""></string>
        <string role="key" value="_purpose"></string>
        <unicode value="Prerequisite knowledge refers to the knowledge learners should already
have in order to be able to effectively complete the learning. Examples of
pre-knowledge can be: &lt;ul&gt;
&lt;li&gt;        Learners must have level 4 English &lt;/li&gt;
&lt;li&gt;        Learners must be able to assemble standard power tools &lt;/li&gt;&lt;/ul&gt;
"></unicode>
        <string role="key" value="_tip"></string>
        <unicode value=""></unicode>
        <string role="key" value="class_"></string>
        <unicode value="preknowledge"></unicode>
        <string role="key" value="edit"></string>
        <bool value="0"></bool>
        <string role="key" value="emphasis"></string>
        <int value="1"></int>
        <string role="key" value="exe.engine.genericidevice.GenericIdevice.persistenceVersion"></string>
        <int value="11"></int>
        <string role="key" value="fields"></string>
        <list>
         <instance class="exe.engine.field.TextAreaField" reference="5">
          <dictionary>
           <string role="key" value="_id"></string>
           <unicode value="41_2"></unicode>
           <string role="key" value="_idevice"></string>
           <reference key="4"></reference>
           <string role="key" value="_instruc"></string>
           <unicode value="Describe the prerequisite knowledge learners should have to effectively
complete this learning."></unicode>
           <string role="key" value="_name"></string>
           <unicode value="Preknowledge"></unicode>
           <string role="key" value="anchor_names"></string>
           <list></list>
           <string role="key" value="anchors_linked_from_fields"></string>
           <dictionary></dictionary>
           <string role="key" value="content_w_resourcePaths"></string>
           <unicode content="true" value="&lt;p&gt;&lt;span style=&quot;font-weight: 400;&quot;&gt;Un supermercado maneja el catálogo de los productos que vende. De cada &lt;/span&gt;&lt;i&gt;&lt;span style=&quot;font-weight: 400;&quot;&gt;producto&lt;/span&gt;&lt;/i&gt;&lt;span style=&quot;font-weight: 400;&quot;&gt; se conoce su nombre, precio, y si el mismo es parte del programa Precios Cuidados o no. Por defecto, el producto no es parte del programa, a menos que se especifique lo contrario. &lt;/span&gt;&lt;span style=&quot;font-weight: 400;&quot;&gt;&lt;br /&gt;&lt;/span&gt;&lt;span style=&quot;font-weight: 400;&quot;&gt;Para ayudar a los clientes, el supermercado quiere realizar descuentos en productos de primer necesidad. Es por eso que al calcular el precio de un producto de “Primera Necesidad”, se aplica un descuento del 10%. Es decir:&lt;/span&gt;&lt;span style=&quot;font-weight: 400;&quot;&gt;&lt;br /&gt;&lt;/span&gt;&lt;i&gt;&lt;span style=&quot;font-weight: 400;&quot;&gt;precioProductoPrimeraNecesidad = precioBaseDelProducto * 0.9&lt;/span&gt;&lt;/i&gt;&lt;i&gt;&lt;span style=&quot;font-weight: 400;&quot;&gt;&lt;br /&gt;&lt;/span&gt;&lt;/i&gt;&lt;span style=&quot;font-weight: 400;&quot;&gt;El supermercado, del cual se conoce el nombre y la dirección, desea conocer la cantidad total de productos que comercializa y la suma total de los precios de los mismos.&lt;/span&gt;&lt;/p&gt;
&lt;ol&gt;
&lt;li&gt;&lt;span style=&quot;font-weight: 400;&quot;&gt;&lt;/span&gt;&lt;span style=&quot;font-weight: 400;&quot;&gt;A partir de los &lt;/span&gt;&lt;i&gt;&lt;span style=&quot;font-weight: 400;&quot;&gt;tests &lt;/span&gt;&lt;/i&gt;&lt;span style=&quot;font-weight: 400;&quot;&gt;provistos por la cátedra, descubra qué clases debe crear y los métodos que debe definir cada una. Asimismo, descubra qué funcionalidad se espera de los mismos.&lt;/span&gt;&lt;/li&gt;
&lt;li&gt;&lt;span style=&quot;font-weight: 400;&quot;&gt;Documente la solución utilizando un Diagrama de Clases UML.&lt;/span&gt;&lt;/li&gt;
&lt;li&gt;&lt;span style=&quot;font-weight: 400;&quot;&gt;Implemente la solución en Java. Asegúrese de que la misma “pase” los tests provistos por la cátedra.&lt;/span&gt;&lt;/li&gt;
&lt;/ol&gt;"></unicode>
           <string role="key" value="exe.engine.field.Field.persistenceVersion"></string>
           <int value="4"></int>
           <string role="key" value="exe.engine.field.FieldWithResources.persistenceVersion"></string>
           <int value="2"></int>
           <string role="key" value="exe.engine.field.TextAreaField.persistenceVersion"></string>
           <int value="3"></int>
           <string role="key" value="htmlTag"></string>
           <string value="div"></string>
           <string role="key" value="images"></string>
           <instance class="exe.engine.galleryidevice.GalleryImages">
            <dictionary>
             <string role="key" value=".listitems"></string>
             <list></list>
             <string role="key" value="idevice"></string>
             <reference key="5"></reference>
            </dictionary>
           </instance>
           <string role="key" value="intlinks_to_anchors"></string>
           <dictionary></dictionary>
           <string role="key" value="nextImageId"></string>
           <int value="15"></int>
           <string role="key" value="parentNode"></string>
           <reference key="3"></reference>
          </dictionary>
         </instance>
        </list>
        <string role="key" value="icon"></string>
        <unicode value="preknowledge"></unicode>
        <string role="key" value="id"></string>
        <unicode value="4"></unicode>
        <string role="key" value="lastIdevice"></string>
        <bool value="0"></bool>
        <string role="key" value="nextFieldId"></string>
        <int value="3"></int>
        <string role="key" value="originalicon"></string>
        <unicode value="preknowledge"></unicode>
        <string role="key" value="parentNode"></string>
        <reference key="3"></reference>
        <string role="key" value="systemResources"></string>
        <list>
         <string value="common.js"></string>
        </list>
        <string role="key" value="undo"></string>
        <bool value="1"></bool>
        <string role="key" value="userResources"></string>
        <list></list>
        <string role="key" value="version"></string>
        <int value="0"></int>
       </dictionary>
      </instance>
      <instance class="exe.engine.genericidevice.GenericIdevice" reference="6">
       <dictionary>
        <string role="key" value="_title"></string>
        <unicode value="Ejercicio 2"></unicode>
        <string role="key" value="_author"></string>
        <unicode value="University of Auckland"></unicode>
        <string role="key" value="_purpose"></string>
        <unicode value="An activity can be defined as a task or set of tasks a learner must
complete. Provide a clear statement of the task and consider any conditions
that may help or hinder the learner in the performance of the task."></unicode>
        <string role="key" value="_tip"></string>
        <unicode value=""></unicode>
        <string role="key" value="class_"></string>
        <unicode value="activity"></unicode>
        <string role="key" value="edit"></string>
        <bool value="0"></bool>
        <string role="key" value="emphasis"></string>
        <int value="1"></int>
        <string role="key" value="exe.engine.genericidevice.GenericIdevice.persistenceVersion"></string>
        <int value="11"></int>
        <string role="key" value="fields"></string>
        <list>
         <instance class="exe.engine.field.TextAreaField" reference="7">
          <dictionary>
           <string role="key" value="_id"></string>
           <unicode value="43_2"></unicode>
           <string role="key" value="_idevice"></string>
           <reference key="6"></reference>
           <string role="key" value="_instruc"></string>
           <unicode value="Describe the tasks the learners should complete."></unicode>
           <string role="key" value="_name"></string>
           <unicode value="Activity"></unicode>
           <string role="key" value="anchor_names"></string>
           <list></list>
           <string role="key" value="anchors_linked_from_fields"></string>
           <dictionary></dictionary>
           <string role="key" value="content_w_resourcePaths"></string>
           <unicode content="true" value="&lt;p&gt;&lt;span style=&quot;font-weight: 400;&quot;&gt;Suponga ahora que el descuento a aplicar en cada producto de primera necesidad puede ser distinto y se debe poder definir al momento de crear el mismo. Por ejemplo, el arroz puede ser un producto de primera necesidad con un descuento del 8%, mientras que leche podría ser otro producto de primera necesidad con un decuento del 11%. Esto es sólo un ejemplo. El descuento a aplicar en cada producto de primera necesidad debe ser configurable al momento de crearlo. &lt;/span&gt;&lt;/p&gt;
&lt;ol&gt;
&lt;li&gt;&lt;span style=&quot;font-weight: 400;&quot;&gt;&lt;/span&gt;&lt;span style=&quot;font-weight: 400;&quot;&gt;Modifique los tests para contemplar esta variación.&lt;/span&gt;&lt;/li&gt;
&lt;li&gt;&lt;span style=&quot;font-weight: 400;&quot;&gt;Implemente la solución en Java.&lt;/span&gt;&lt;/li&gt;
&lt;/ol&gt;"></unicode>
           <string role="key" value="exe.engine.field.Field.persistenceVersion"></string>
           <int value="4"></int>
           <string role="key" value="exe.engine.field.FieldWithResources.persistenceVersion"></string>
           <int value="2"></int>
           <string role="key" value="exe.engine.field.TextAreaField.persistenceVersion"></string>
           <int value="3"></int>
           <string role="key" value="htmlTag"></string>
           <string value="div"></string>
           <string role="key" value="images"></string>
           <instance class="exe.engine.galleryidevice.GalleryImages">
            <dictionary>
             <string role="key" value=".listitems"></string>
             <list></list>
             <string role="key" value="idevice"></string>
             <reference key="7"></reference>
            </dictionary>
           </instance>
           <string role="key" value="intlinks_to_anchors"></string>
           <dictionary></dictionary>
           <string role="key" value="nextImageId"></string>
           <int value="0"></int>
           <string role="key" value="parentNode"></string>
           <reference key="3"></reference>
          </dictionary>
         </instance>
        </list>
        <string role="key" value="icon"></string>
        <unicode value="activity"></unicode>
        <string role="key" value="id"></string>
        <unicode value="2"></unicode>
        <string role="key" value="lastIdevice"></string>
        <bool value="0"></bool>
        <string role="key" value="nextFieldId"></string>
        <int value="3"></int>
        <string role="key" value="originalicon"></string>
        <unicode value="activity"></unicode>
        <string role="key" value="parentNode"></string>
        <reference key="3"></reference>
        <string role="key" value="systemResources"></string>
        <list>
         <string value="common.js"></string>
        </list>
        <string role="key" value="undo"></string>
        <bool value="1"></bool>
        <string role="key" value="userResources"></string>
        <list></list>
        <string role="key" value="version"></string>
        <int value="0"></int>
       </dictionary>
      </instance>
      <instance class="exe.engine.genericidevice.GenericIdevice" reference="8">
       <dictionary>
        <string role="key" value="_title"></string>
        <unicode value="Ejercicio 3"></unicode>
        <string role="key" value="_author"></string>
        <unicode value="University of Auckland"></unicode>
        <string role="key" value="_purpose"></string>
        <unicode value="An activity can be defined as a task or set of tasks a learner must
complete. Provide a clear statement of the task and consider any conditions
that may help or hinder the learner in the performance of the task."></unicode>
        <string role="key" value="_tip"></string>
        <unicode value=""></unicode>
        <string role="key" value="class_"></string>
        <unicode value="activity"></unicode>
        <string role="key" value="edit"></string>
        <bool value="0"></bool>
        <string role="key" value="emphasis"></string>
        <int value="1"></int>
        <string role="key" value="exe.engine.genericidevice.GenericIdevice.persistenceVersion"></string>
        <int value="11"></int>
        <string role="key" value="fields"></string>
        <list>
         <instance class="exe.engine.field.TextAreaField" reference="9">
          <dictionary>
           <string role="key" value="_id"></string>
           <unicode value="59_2"></unicode>
           <string role="key" value="_idevice"></string>
           <reference key="8"></reference>
           <string role="key" value="_instruc"></string>
           <unicode value="Describe the tasks the learners should complete."></unicode>
           <string role="key" value="_name"></string>
           <unicode value="Activity"></unicode>
           <string role="key" value="anchor_names"></string>
           <list></list>
           <string role="key" value="anchors_linked_from_fields"></string>
           <dictionary></dictionary>
           <string role="key" value="content_w_resourcePaths"></string>
           <unicode content="true" value="&lt;p&gt;&lt;span style=&quot;font-weight: 400;&quot;&gt;El Impuesto al Trabajador es un impuesto que pagan anualmente todos los trabajadores del país. El monto a pagar del impuesto es un 2% del total del &lt;/span&gt;&lt;i&gt;&lt;span style=&quot;font-weight: 400;&quot;&gt;monto imponible&lt;/span&gt;&lt;/i&gt;&lt;span style=&quot;font-weight: 400;&quot;&gt; de los ingresos del trabajador.&lt;/span&gt;&lt;span style=&quot;font-weight: 400;&quot;&gt;&lt;br /&gt;&lt;/span&gt;&lt;span style=&quot;font-weight: 400;&quot;&gt;De cada trabajador se registran sus &lt;/span&gt;&lt;i&gt;&lt;span style=&quot;font-weight: 400;&quot;&gt;ingresos percibidos&lt;/span&gt;&lt;/i&gt;&lt;span style=&quot;font-weight: 400;&quot;&gt; del año. De cada ingreso se conoce el mes de percepción, el concepto y el monto percibido. Existe un tipo de ingreso, el &lt;/span&gt;&lt;i&gt;&lt;span style=&quot;font-weight: 400;&quot;&gt;Ingreso por Horas Extras&lt;/span&gt;&lt;/i&gt;&lt;span style=&quot;font-weight: 400;&quot;&gt;, del cual se conoce además la cantidad de horas extras realizadas, por las cuales el trabajados percibió tal ingreso.&lt;/span&gt;&lt;span style=&quot;font-weight: 400;&quot;&gt;&lt;br /&gt;&lt;/span&gt;&lt;span style=&quot;font-weight: 400;&quot;&gt;Para un ingreso, el monto imponible al Impuesto al Trabajador es igual al monto percibido. Sin embargo, los ingresos por horas extras están exentos al impuesto. Es decir, suman cero al total del monto imponible al impuesto al trabajador. &lt;/span&gt;&lt;span style=&quot;font-weight: 400;&quot;&gt;&lt;br /&gt;&lt;/span&gt;&lt;span style=&quot;font-weight: 400;&quot;&gt;La solución debe respetar el siguiente protocolo:&lt;/span&gt;&lt;span style=&quot;font-weight: 400;&quot;&gt;&lt;br /&gt;&lt;/span&gt;&lt;span style=&quot;font-weight: 400;&quot;&gt;&lt;br /&gt;&lt;/span&gt;&lt;span style=&quot;font-weight: 400;&quot;&gt;Trabajador&amp;gt;&amp;gt;getTotalPercibido()&lt;/span&gt;&lt;span style=&quot;font-weight: 400;&quot;&gt;&lt;br /&gt;&lt;/span&gt;&lt;span style=&quot;font-weight: 400;&quot;&gt;//retornar el monto total percibido por el trabajador&lt;/span&gt;&lt;span style=&quot;font-weight: 400;&quot;&gt;&lt;br /&gt;&lt;/span&gt;&lt;span style=&quot;font-weight: 400;&quot;&gt;&lt;br /&gt;&lt;/span&gt;&lt;span style=&quot;font-weight: 400;&quot;&gt;Trabajador&amp;gt;&amp;gt;getMontoImponible()&lt;/span&gt;&lt;span style=&quot;font-weight: 400;&quot;&gt;&lt;br /&gt;&lt;/span&gt;&lt;span style=&quot;font-weight: 400;&quot;&gt;//retornar el monto imponible al impuesto al trabajador&lt;/span&gt;&lt;span style=&quot;font-weight: 400;&quot;&gt;&lt;br /&gt;&lt;/span&gt;&lt;span style=&quot;font-weight: 400;&quot;&gt;&lt;br /&gt;&lt;/span&gt;&lt;span style=&quot;font-weight: 400;&quot;&gt;Trabajador&amp;gt;&amp;gt;getImpuestoAPagar()&lt;/span&gt;&lt;span style=&quot;font-weight: 400;&quot;&gt;&lt;br /&gt;&lt;/span&gt;&lt;span style=&quot;font-weight: 400;&quot;&gt;//retornar el monto a pagar por el trabajador, calculado como el 2% del monto imponible&lt;/span&gt;&lt;/p&gt;
&lt;ol&gt;
&lt;li&gt;&lt;span style=&quot;font-weight: 400;&quot;&gt;&lt;/span&gt;&lt;span style=&quot;font-weight: 400;&quot;&gt;Documente la solución utilizando un Diagrama de Clases UML.&lt;/span&gt;&lt;/li&gt;
&lt;li&gt;&lt;span style=&quot;font-weight: 400;&quot;&gt;Escriba los tests correspondientes.&lt;/span&gt;&lt;/li&gt;
&lt;li&gt;&lt;span style=&quot;font-weight: 400;&quot;&gt;Implemente la solución en Java &lt;/span&gt;&lt;/li&gt;
&lt;/ol&gt;"></unicode>
           <string role="key" value="exe.engine.field.Field.persistenceVersion"></string>
           <int value="4"></int>
           <string role="key" value="exe.engine.field.FieldWithResources.persistenceVersion"></string>
           <int value="2"></int>
           <string role="key" value="exe.engine.field.TextAreaField.persistenceVersion"></string>
           <int value="3"></int>
           <string role="key" value="htmlTag"></string>
           <string value="div"></string>
           <string role="key" value="images"></string>
           <instance class="exe.engine.galleryidevice.GalleryImages">
            <dictionary>
             <string role="key" value=".listitems"></string>
             <list></list>
             <string role="key" value="idevice"></string>
             <reference key="9"></reference>
            </dictionary>
           </instance>
           <string role="key" value="intlinks_to_anchors"></string>
           <dictionary></dictionary>
           <string role="key" value="nextImageId"></string>
           <int value="0"></int>
           <string role="key" value="parentNode"></string>
           <reference key="3"></reference>
          </dictionary>
         </instance>
        </list>
        <string role="key" value="icon"></string>
        <unicode value="activity"></unicode>
        <string role="key" value="id"></string>
        <unicode value="9"></unicode>
        <string role="key" value="lastIdevice"></string>
        <bool value="0"></bool>
        <string role="key" value="nextFieldId"></string>
        <int value="3"></int>
        <string role="key" value="originalicon"></string>
        <unicode value="activity"></unicode>
        <string role="key" value="parentNode"></string>
        <reference key="3"></reference>
        <string role="key" value="systemResources"></string>
        <list>
         <string value="common.js"></string>
        </list>
        <string role="key" value="undo"></string>
        <bool value="1"></bool>
        <string role="key" value="userResources"></string>
        <list></list>
        <string role="key" value="version"></string>
        <int value="0"></int>
       </dictionary>
      </instance>
     </list>
     <string role="key" value="_id"></string>
     <unicode value="0"></unicode>
     <string role="key" value="_package"></string>
     <reference key="10"></reference>
     <string role="key" value="anchor_fields"></string>
     <list></list>
     <string role="key" value="exe.engine.node.Node.persistenceVersion"></string>
     <int value="2"></int>
     <string role="key" value="exportType"></string>
     <string value="website"></string>
     <string role="key" value="last_full_node_path"></string>
     <string value="exe-node:Programaci%C3%B3n%20con%20Objetos%202%20-%20TP%20JAVA-POO"></string>
     <string role="key" value="parent"></string>
     <none></none>
     <string role="key" value="top_anchors_linked_from_fields"></string>
     <list></list>
     <string role="key" value="children"></string>
     <list></list>
    </dictionary>
   </instance>
  </dictionary>
  <string role="key" value="_objectives"></string>
  <unicode value=""></unicode>
  <string role="key" value="_preknowledge"></string>
  <unicode value=""></unicode>
  <string role="key" value="backgroundImgTile"></string>
  <bool value="0"></bool>
  <string role="key" value="compatibleWithVersion9"></string>
  <bool value="0"></bool>
  <string role="key" value="currentNode"></string>
  <reference key="3"></reference>
  <string role="key" value="dublinCore"></string>
  <instance class="exe.engine.package.DublinCore">
   <dictionary>
    <string role="key" value="contributors"></string>
    <unicode value=""></unicode>
    <string role="key" value="coverage"></string>
    <unicode value=""></unicode>
    <string role="key" value="creator"></string>
    <unicode value="Diego Cano"></unicode>
    <string role="key" value="date"></string>
    <unicode value=""></unicode>
    <string role="key" value="description"></string>
    <unicode value=""></unicode>
    <string role="key" value="format"></string>
    <unicode value=""></unicode>
    <string role="key" value="identifier"></string>
    <unicode value="73ff489d-02ef-4ce9-85e9-ff6c1369654e"></unicode>
    <string role="key" value="language"></string>
    <unicode value="es"></unicode>
    <string role="key" value="publisher"></string>
    <unicode value=""></unicode>
    <string role="key" value="relation"></string>
    <unicode value=""></unicode>
    <string role="key" value="rights"></string>
    <unicode value=""></unicode>
    <string role="key" value="source"></string>
    <unicode value=""></unicode>
    <string role="key" value="subject"></string>
    <unicode value=""></unicode>
    <string role="key" value="title"></string>
    <unicode value="TP UML - Objetos 2 UNQ"></unicode>
    <string role="key" value="type"></string>
    <unicode value=""></unicode>
   </dictionary>
  </instance>
  <string role="key" value="exe.engine.package.Package.persistenceVersion"></string>
  <int value="13"></int>
  <string role="key" value="exportMetadataType"></string>
  <string value="LOMES"></string>
  <string role="key" value="exportSource"></string>
  <bool value="1"></bool>
  <string role="key" value="footer"></string>
  <unicode value=""></unicode>
  <string role="key" value="license"></string>
  <unicode value="creative commons: attribution - share alike 4.0"></unicode>
  <string role="key" value="lom"></string>
  <instance class="exe.engine.lom.lomsubs.lomSub">
   <dictionary>
    <string role="key" value="__index__"></string>
    <dictionary></dictionary>
    <string role="key" value="__oldchild__"></string>
    <none></none>
    <string role="key" value="annotation"></string>
    <list></list>
    <string role="key" value="classification"></string>
    <list></list>
    <string role="key" value="educational"></string>
    <list>
     <instance class="exe.engine.lom.lomsubs.educationalSub">
      <dictionary>
       <string role="key" value="cognitiveProcess"></string>
       <list></list>
       <string role="key" value="context"></string>
       <list>
        <instance class="exe.engine.lom.lomsubs.contextSub">
         <dictionary>
          <string role="key" value="extensiontype_"></string>
          <none></none>
          <string role="key" value="source"></string>
          <instance class="exe.engine.lom.lomsubs.sourceValueSub">
           <dictionary>
            <string role="key" value="extensiontype_"></string>
            <none></none>
            <string role="key" value="string"></string>
            <list></list>
            <string role="key" value="uniqueElementName"></string>
            <string value="source"></string>
            <string role="key" value="valueOf_"></string>
            <string value="LOMv1.0"></string>
           </dictionary>
          </instance>
          <string role="key" value="value"></string>
          <instance class="exe.engine.lom.lomsubs.contextValueSub">
           <dictionary>
            <string role="key" value="extensiontype_"></string>
            <none></none>
            <string role="key" value="source"></string>
            <none></none>
            <string role="key" value="uniqueElementName"></string>
            <string value="value"></string>
            <string role="key" value="value"></string>
            <none></none>
            <string role="key" value="valueOf_"></string>
            <string value="other"></string>
           </dictionary>
          </instance>
         </dictionary>
        </instance>
        <instance class="exe.engine.lom.lomsubs.contextSub">
         <dictionary>
          <string role="key" value="extensiontype_"></string>
          <none></none>
          <string role="key" value="source"></string>
          <instance class="exe.engine.lom.lomsubs.sourceValueSub">
           <dictionary>
            <string role="key" value="extensiontype_"></string>
            <none></none>
            <string role="key" value="string"></string>
            <list></list>
            <string role="key" value="uniqueElementName"></string>
            <string value="source"></string>
            <string role="key" value="valueOf_"></string>
            <string value="LOMv1.0"></string>
           </dictionary>
          </instance>
          <string role="key" value="value"></string>
          <instance class="exe.engine.lom.lomsubs.contextValueSub">
           <dictionary>
            <string role="key" value="extensiontype_"></string>
            <none></none>
            <string role="key" value="source"></string>
            <none></none>
            <string role="key" value="uniqueElementName"></string>
            <string value="value"></string>
            <string role="key" value="value"></string>
            <none></none>
            <string role="key" value="valueOf_"></string>
            <string value="school"></string>
           </dictionary>
          </instance>
         </dictionary>
        </instance>
       </list>
       <string role="key" value="description"></string>
       <list></list>
       <string role="key" value="difficulty"></string>
       <none></none>
       <string role="key" value="intendedEndUserRole"></string>
       <list>
        <instance class="exe.engine.lom.lomsubs.intendedEndUserRoleSub">
         <dictionary>
          <string role="key" value="extensiontype_"></string>
          <none></none>
          <string role="key" value="source"></string>
          <instance class="exe.engine.lom.lomsubs.sourceValueSub">
           <dictionary>
            <string role="key" value="extensiontype_"></string>
            <none></none>
            <string role="key" value="string"></string>
            <list></list>
            <string role="key" value="uniqueElementName"></string>
            <string value="source"></string>
            <string role="key" value="valueOf_"></string>
            <string value="LOMv1.0"></string>
           </dictionary>
          </instance>
          <string role="key" value="value"></string>
          <instance class="exe.engine.lom.lomsubs.intendedEndUserRoleValueSub">
           <dictionary>
            <string role="key" value="extensiontype_"></string>
            <none></none>
            <string role="key" value="source"></string>
            <none></none>
            <string role="key" value="uniqueElementName"></string>
            <string value="value"></string>
            <string role="key" value="value"></string>
            <none></none>
            <string role="key" value="valueOf_"></string>
            <string value="learner"></string>
           </dictionary>
          </instance>
         </dictionary>
        </instance>
       </list>
       <string role="key" value="interactivityLevel"></string>
       <none></none>
       <string role="key" value="interactivityType"></string>
       <none></none>
       <string role="key" value="language"></string>
       <list>
        <instance class="exe.engine.lom.lomsubs.LanguageIdSub">
         <dictionary>
          <string role="key" value="extensiontype_"></string>
          <none></none>
          <string role="key" value="valueOf_"></string>
          <string value="es"></string>
         </dictionary>
        </instance>
       </list>
       <string role="key" value="learningResourceType"></string>
       <list>
        <instance class="exe.engine.lom.lomsubs.learningResourceTypeSub">
         <dictionary>
          <string role="key" value="extensiontype_"></string>
          <none></none>
          <string role="key" value="source"></string>
          <instance class="exe.engine.lom.lomsubs.sourceValueSub">
           <dictionary>
            <string role="key" value="extensiontype_"></string>
            <none></none>
            <string role="key" value="string"></string>
            <list></list>
            <string role="key" value="uniqueElementName"></string>
            <string value="source"></string>
            <string role="key" value="valueOf_"></string>
            <string value="LOMv1.0"></string>
           </dictionary>
          </instance>
          <string role="key" value="value"></string>
          <instance class="exe.engine.lom.lomsubs.learningResourceTypeValueSub">
           <dictionary>
            <string role="key" value="extensiontype_"></string>
            <none></none>
            <string role="key" value="source"></string>
            <none></none>
            <string role="key" value="uniqueElementName"></string>
            <string value="value"></string>
            <string role="key" value="value"></string>
            <none></none>
            <string role="key" value="valueOf_"></string>
            <string value="problem statement"></string>
           </dictionary>
          </instance>
         </dictionary>
        </instance>
       </list>
       <string role="key" value="semanticDensity"></string>
       <none></none>
       <string role="key" value="typicalAgeRange"></string>
       <list></list>
       <string role="key" value="typicalLearningTime"></string>
       <none></none>
      </dictionary>
     </instance>
    </list>
    <string role="key" value="general"></string>
    <instance class="exe.engine.lom.lomsubs.generalSub">
     <dictionary>
      <string role="key" value="aggregationLevel"></string>
      <instance class="exe.engine.lom.lomsubs.aggregationLevelSub">
       <dictionary>
        <string role="key" value="extensiontype_"></string>
        <none></none>
        <string role="key" value="source"></string>
        <instance class="exe.engine.lom.lomsubs.sourceValueSub">
         <dictionary>
          <string role="key" value="extensiontype_"></string>
          <none></none>
          <string role="key" value="string"></string>
          <list></list>
          <string role="key" value="uniqueElementName"></string>
          <string value="source"></string>
          <string role="key" value="valueOf_"></string>
          <string value="LOMv1.0"></string>
         </dictionary>
        </instance>
        <string role="key" value="uniqueElementName"></string>
        <string value="aggregationLevel"></string>
        <string role="key" value="value"></string>
        <instance class="exe.engine.lom.lomsubs.aggregationLevelValueSub">
         <dictionary>
          <string role="key" value="extensiontype_"></string>
          <none></none>
          <string role="key" value="source"></string>
          <none></none>
          <string role="key" value="uniqueElementName"></string>
          <string value="value"></string>
          <string role="key" value="value"></string>
          <none></none>
          <string role="key" value="valueOf_"></string>
          <string value="2"></string>
         </dictionary>
        </instance>
       </dictionary>
      </instance>
      <string role="key" value="coverage"></string>
      <list></list>
      <string role="key" value="description"></string>
      <list></list>
      <string role="key" value="identifier"></string>
      <list>
       <instance class="exe.engine.lom.lomsubs.identifierSub">
        <dictionary>
         <string role="key" value="catalog"></string>
         <instance class="exe.engine.lom.lomsubs.catalogSub">
          <dictionary>
           <string role="key" value="uniqueElementName"></string>
           <string value="catalog"></string>
           <string role="key" value="valueOf_"></string>
           <unicode value="Mi catálogo"></unicode>
          </dictionary>
         </instance>
         <string role="key" value="entry"></string>
         <instance class="exe.engine.lom.lomsubs.entrySub">
          <dictionary>
           <string role="key" value="uniqueElementName"></string>
           <string value="entry"></string>
           <string role="key" value="valueOf_"></string>
           <unicode value="73ff489d-02ef-4ce9-85e9-ff6c1369654e"></unicode>
          </dictionary>
         </instance>
        </dictionary>
       </instance>
      </list>
      <string role="key" value="keyword"></string>
      <list></list>
      <string role="key" value="language"></string>
      <list>
       <instance class="exe.engine.lom.lomsubs.LanguageIdSub">
        <dictionary>
         <string role="key" value="extensiontype_"></string>
         <none></none>
         <string role="key" value="valueOf_"></string>
         <string value="es"></string>
        </dictionary>
       </instance>
      </list>
      <string role="key" value="structure"></string>
      <none></none>
      <string role="key" value="title"></string>
      <instance class="exe.engine.lom.lomsubs.titleSub">
       <dictionary>
        <string role="key" value="extensiontype_"></string>
        <none></none>
        <string role="key" value="string"></string>
        <list>
         <instance class="exe.engine.lom.lomsubs.LangStringSub">
          <dictionary>
           <string role="key" value="language"></string>
           <string value="es"></string>
           <string role="key" value="valueOf_"></string>
           <string value="TP UML - Objetos 2 UNQ"></string>
          </dictionary>
         </instance>
        </list>
        <string role="key" value="uniqueElementName"></string>
        <none></none>
       </dictionary>
      </instance>
      <string role="key" value="uniqueElementName"></string>
      <string value="general"></string>
     </dictionary>
    </instance>
    <string role="key" value="lifeCycle"></string>
    <instance class="exe.engine.lom.lomsubs.lifeCycleSub">
     <dictionary>
      <string role="key" value="contribute"></string>
      <list>
       <instance class="exe.engine.lom.lomsubs.contributeSub">
        <dictionary>
         <string role="key" value="date"></string>
         <instance class="exe.engine.lom.lomsubs.dateSub" reference="11">
          <dictionary>
           <string role="key" value="dateTime"></string>
           <instance class="exe.engine.lom.lomsubs.DateTimeValueSub">
            <dictionary>
             <string role="key" value="uniqueElementName"></string>
             <string value="dateTime"></string>
             <string role="key" value="valueOf_"></string>
             <string value="2016-08-26T10:56:03.00-03:00"></string>
            </dictionary>
           </instance>
           <string role="key" value="description"></string>
           <instance class="exe.engine.lom.lomsubs.LanguageStringSub">
            <dictionary>
             <string role="key" value="extensiontype_"></string>
             <none></none>
             <string role="key" value="string"></string>
             <list>
              <instance class="exe.engine.lom.lomsubs.LangStringSub">
               <dictionary>
                <string role="key" value="language"></string>
                <string value="es"></string>
                <string role="key" value="valueOf_"></string>
                <string value="Fecha de creaci\xc3\xb3n de los metadatos"></string>
               </dictionary>
              </instance>
             </list>
            </dictionary>
           </instance>
           <string role="key" value="extensiontype_"></string>
           <none></none>
           <string role="key" value="uniqueElementName"></string>
           <none></none>
           <string role="key" value="valueOf_"></string>
           <none></none>
          </dictionary>
         </instance>
         <string role="key" value="entity"></string>
         <list>
          <instance class="exe.engine.lom.lomsubs.entitySub" reference="12">
           <dictionary>
            <string role="key" value="extensiontype_"></string>
            <none></none>
            <string role="key" value="valueOf_"></string>
            <string value="BEGIN:VCARD VERSION:3.0 FN:Diego Cano EMAIL;TYPE=INTERNET: ORG: END:VCARD"></string>
           </dictionary>
          </instance>
         </list>
         <string role="key" value="role"></string>
         <instance class="exe.engine.lom.lomsubs.roleSub">
          <dictionary>
           <string role="key" value="extensiontype_"></string>
           <none></none>
           <string role="key" value="source"></string>
           <instance class="exe.engine.lom.lomsubs.sourceValueSub" reference="13">
            <dictionary>
             <string role="key" value="extensiontype_"></string>
             <none></none>
             <string role="key" value="string"></string>
             <list></list>
             <string role="key" value="uniqueElementName"></string>
             <string value="source"></string>
             <string role="key" value="valueOf_"></string>
             <string value="LOMv1.0"></string>
            </dictionary>
           </instance>
           <string role="key" value="uniqueElementName"></string>
           <string value="role"></string>
           <string role="key" value="value"></string>
           <instance class="exe.engine.lom.lomsubs.roleValueSub">
            <dictionary>
             <string role="key" value="extensiontype_"></string>
             <none></none>
             <string role="key" value="source"></string>
             <none></none>
             <string role="key" value="uniqueElementName"></string>
             <string value="value"></string>
             <string role="key" value="value"></string>
             <none></none>
             <string role="key" value="valueOf_"></string>
             <string value="author"></string>
            </dictionary>
           </instance>
          </dictionary>
         </instance>
        </dictionary>
       </instance>
      </list>
      <string role="key" value="status"></string>
      <none></none>
      <string role="key" value="uniqueElementName"></string>
      <none></none>
      <string role="key" value="version"></string>
      <none></none>
     </dictionary>
    </instance>
    <string role="key" value="metaMetadata"></string>
    <instance class="exe.engine.lom.lomsubs.metaMetadataSub">
     <dictionary>
      <string role="key" value="contribute"></string>
      <list>
       <instance class="exe.engine.lom.lomsubs.contributeMetaSub">
        <dictionary>
         <string role="key" value="date"></string>
         <reference key="11"></reference>
         <string role="key" value="entity"></string>
         <list>
          <reference key="12"></reference>
         </list>
         <string role="key" value="role"></string>
         <instance class="exe.engine.lom.lomsubs.roleSub">
          <dictionary>
           <string role="key" value="extensiontype_"></string>
           <none></none>
           <string role="key" value="source"></string>
           <reference key="13"></reference>
           <string role="key" value="uniqueElementName"></string>
           <string value="role"></string>
           <string role="key" value="value"></string>
           <instance class="exe.engine.lom.lomsubs.roleValueSub">
            <dictionary>
             <string role="key" value="extensiontype_"></string>
             <none></none>
             <string role="key" value="source"></string>
             <none></none>
             <string role="key" value="uniqueElementName"></string>
             <string value="value"></string>
             <string role="key" value="value"></string>
             <none></none>
             <string role="key" value="valueOf_"></string>
             <string value="creator"></string>
            </dictionary>
           </instance>
          </dictionary>
         </instance>
        </dictionary>
       </instance>
      </list>
      <string role="key" value="identifier"></string>
      <list></list>
      <string role="key" value="language"></string>
      <instance class="exe.engine.lom.lomsubs.LanguageIdSub">
       <dictionary>
        <string role="key" value="extensiontype_"></string>
        <none></none>
        <string role="key" value="valueOf_"></string>
        <string value="es"></string>
       </dictionary>
      </instance>
      <string role="key" value="metadataSchema"></string>
      <list>
       <instance class="exe.engine.lom.lomsubs.metadataSchemaSub">
        <dictionary>
         <string role="key" value="valueOf_"></string>
         <string value="LOMv1.0"></string>
        </dictionary>
       </instance>
      </list>
      <string role="key" value="uniqueElementName"></string>
      <string value="metaMetadata"></string>
     </dictionary>
    </instance>
    <string role="key" value="relation"></string>
    <list></list>
    <string role="key" value="rights"></string>
    <instance class="exe.engine.lom.lomsubs.rightsSub">
     <dictionary>
      <string role="key" value="access"></string>
      <none></none>
      <string role="key" value="copyrightAndOtherRestrictions"></string>
      <instance class="exe.engine.lom.lomsubs.copyrightAndOtherRestrictionsSub">
       <dictionary>
        <string role="key" value="extensiontype_"></string>
        <none></none>
        <string role="key" value="source"></string>
        <instance class="exe.engine.lom.lomsubs.sourceValueSub">
         <dictionary>
          <string role="key" value="extensiontype_"></string>
          <none></none>
          <string role="key" value="string"></string>
          <list></list>
          <string role="key" value="uniqueElementName"></string>
          <string value="source"></string>
          <string role="key" value="valueOf_"></string>
          <string value="LOMv1.0"></string>
         </dictionary>
        </instance>
        <string role="key" value="uniqueElementName"></string>
        <string value="copyrightAndOtherRestrictions"></string>
        <string role="key" value="value"></string>
        <instance class="exe.engine.lom.lomsubs.copyrightAndOtherRestrictionsValueSub">
         <dictionary>
          <string role="key" value="extensiontype_"></string>
          <none></none>
          <string role="key" value="source"></string>
          <none></none>
          <string role="key" value="uniqueElementName"></string>
          <string value="value"></string>
          <string role="key" value="value"></string>
          <none></none>
          <string role="key" value="valueOf_"></string>
          <string value="yes"></string>
         </dictionary>
        </instance>
       </dictionary>
      </instance>
      <string role="key" value="cost"></string>
      <none></none>
      <string role="key" value="description"></string>
      <none></none>
      <string role="key" value="uniqueElementName"></string>
      <none></none>
     </dictionary>
    </instance>
    <string role="key" value="technical"></string>
    <none></none>
   </dictionary>
  </instance>
  <string role="key" value="lomEs"></string>
  <instance class="exe.engine.lom.lomsubs.lomSub">
   <dictionary>
    <string role="key" value="__index__"></string>
    <dictionary></dictionary>
    <string role="key" value="__oldchild__"></string>
    <none></none>
    <string role="key" value="annotation"></string>
    <list></list>
    <string role="key" value="classification"></string>
    <list></list>
    <string role="key" value="educational"></string>
    <list>
     <instance class="exe.engine.lom.lomsubs.educationalSub">
      <dictionary>
       <string role="key" value="cognitiveProcess"></string>
       <list></list>
       <string role="key" value="context"></string>
       <list>
        <instance class="exe.engine.lom.lomsubs.contextSub">
         <dictionary>
          <string role="key" value="extensiontype_"></string>
          <none></none>
          <string role="key" value="source"></string>
          <instance class="exe.engine.lom.lomsubs.sourceValueSub">
           <dictionary>
            <string role="key" value="extensiontype_"></string>
            <none></none>
            <string role="key" value="string"></string>
            <list></list>
            <string role="key" value="uniqueElementName"></string>
            <string value="source"></string>
            <string role="key" value="valueOf_"></string>
            <string value="LOM-ESv1.0"></string>
           </dictionary>
          </instance>
          <string role="key" value="value"></string>
          <instance class="exe.engine.lom.lomsubs.contextValueSub">
           <dictionary>
            <string role="key" value="extensiontype_"></string>
            <none></none>
            <string role="key" value="source"></string>
            <none></none>
            <string role="key" value="uniqueElementName"></string>
            <string value="value"></string>
            <string role="key" value="value"></string>
            <none></none>
            <string role="key" value="valueOf_"></string>
            <string value="face to face"></string>
           </dictionary>
          </instance>
         </dictionary>
        </instance>
        <instance class="exe.engine.lom.lomsubs.contextSub">
         <dictionary>
          <string role="key" value="extensiontype_"></string>
          <none></none>
          <string role="key" value="source"></string>
          <instance class="exe.engine.lom.lomsubs.sourceValueSub">
           <dictionary>
            <string role="key" value="extensiontype_"></string>
            <none></none>
            <string role="key" value="string"></string>
            <list></list>
            <string role="key" value="uniqueElementName"></string>
            <string value="source"></string>
            <string role="key" value="valueOf_"></string>
            <string value="LOM-ESv1.0"></string>
           </dictionary>
          </instance>
          <string role="key" value="value"></string>
          <instance class="exe.engine.lom.lomsubs.contextValueSub">
           <dictionary>
            <string role="key" value="extensiontype_"></string>
            <none></none>
            <string role="key" value="source"></string>
            <none></none>
            <string role="key" value="uniqueElementName"></string>
            <string value="value"></string>
            <string role="key" value="value"></string>
            <none></none>
            <string role="key" value="valueOf_"></string>
            <string value="classroom"></string>
           </dictionary>
          </instance>
         </dictionary>
        </instance>
       </list>
       <string role="key" value="description"></string>
       <list></list>
       <string role="key" value="difficulty"></string>
       <none></none>
       <string role="key" value="intendedEndUserRole"></string>
       <list>
        <instance class="exe.engine.lom.lomsubs.intendedEndUserRoleSub">
         <dictionary>
          <string role="key" value="extensiontype_"></string>
          <none></none>
          <string role="key" value="source"></string>
          <instance class="exe.engine.lom.lomsubs.sourceValueSub">
           <dictionary>
            <string role="key" value="extensiontype_"></string>
            <none></none>
            <string role="key" value="string"></string>
            <list></list>
            <string role="key" value="uniqueElementName"></string>
            <string value="source"></string>
            <string role="key" value="valueOf_"></string>
            <string value="LOM-ESv1.0"></string>
           </dictionary>
          </instance>
          <string role="key" value="value"></string>
          <instance class="exe.engine.lom.lomsubs.intendedEndUserRoleValueSub">
           <dictionary>
            <string role="key" value="extensiontype_"></string>
            <none></none>
            <string role="key" value="source"></string>
            <none></none>
            <string role="key" value="uniqueElementName"></string>
            <string value="value"></string>
            <string role="key" value="value"></string>
            <none></none>
            <string role="key" value="valueOf_"></string>
            <string value="learner"></string>
           </dictionary>
          </instance>
         </dictionary>
        </instance>
        <instance class="exe.engine.lom.lomsubs.intendedEndUserRoleSub">
         <dictionary>
          <string role="key" value="extensiontype_"></string>
          <none></none>
          <string role="key" value="source"></string>
          <instance class="exe.engine.lom.lomsubs.sourceValueSub">
           <dictionary>
            <string role="key" value="extensiontype_"></string>
            <none></none>
            <string role="key" value="string"></string>
            <list></list>
            <string role="key" value="uniqueElementName"></string>
            <string value="source"></string>
            <string role="key" value="valueOf_"></string>
            <string value="LOM-ESv1.0"></string>
           </dictionary>
          </instance>
          <string role="key" value="value"></string>
          <instance class="exe.engine.lom.lomsubs.intendedEndUserRoleValueSub">
           <dictionary>
            <string role="key" value="extensiontype_"></string>
            <none></none>
            <string role="key" value="source"></string>
            <none></none>
            <string role="key" value="uniqueElementName"></string>
            <string value="value"></string>
            <string role="key" value="value"></string>
            <none></none>
            <string role="key" value="valueOf_"></string>
            <string value="group"></string>
           </dictionary>
          </instance>
         </dictionary>
        </instance>
       </list>
       <string role="key" value="interactivityLevel"></string>
       <none></none>
       <string role="key" value="interactivityType"></string>
       <none></none>
       <string role="key" value="language"></string>
       <list>
        <instance class="exe.engine.lom.lomsubs.LanguageIdSub">
         <dictionary>
          <string role="key" value="extensiontype_"></string>
          <none></none>
          <string role="key" value="valueOf_"></string>
          <string value="es"></string>
         </dictionary>
        </instance>
       </list>
       <string role="key" value="learningResourceType"></string>
       <list>
        <instance class="exe.engine.lom.lomsubs.learningResourceTypeSub">
         <dictionary>
          <string role="key" value="extensiontype_"></string>
          <none></none>
          <string role="key" value="source"></string>
          <instance class="exe.engine.lom.lomsubs.sourceValueSub">
           <dictionary>
            <string role="key" value="extensiontype_"></string>
            <none></none>
            <string role="key" value="string"></string>
            <list></list>
            <string role="key" value="uniqueElementName"></string>
            <string value="source"></string>
            <string role="key" value="valueOf_"></string>
            <string value="LOM-ESv1.0"></string>
           </dictionary>
          </instance>
          <string role="key" value="value"></string>
          <instance class="exe.engine.lom.lomsubs.learningResourceTypeValueSub">
           <dictionary>
            <string role="key" value="extensiontype_"></string>
            <none></none>
            <string role="key" value="source"></string>
            <none></none>
            <string role="key" value="uniqueElementName"></string>
            <string value="value"></string>
            <string role="key" value="value"></string>
            <none></none>
            <string role="key" value="valueOf_"></string>
            <string value="open problem"></string>
           </dictionary>
          </instance>
         </dictionary>
        </instance>
       </list>
       <string role="key" value="semanticDensity"></string>
       <none></none>
       <string role="key" value="typicalAgeRange"></string>
       <list></list>
       <string role="key" value="typicalLearningTime"></string>
       <none></none>
      </dictionary>
     </instance>
    </list>
    <string role="key" value="general"></string>
    <instance class="exe.engine.lom.lomsubs.generalSub">
     <dictionary>
      <string role="key" value="aggregationLevel"></string>
      <instance class="exe.engine.lom.lomsubs.aggregationLevelSub">
       <dictionary>
        <string role="key" value="extensiontype_"></string>
        <none></none>
        <string role="key" value="source"></string>
        <instance class="exe.engine.lom.lomsubs.sourceValueSub">
         <dictionary>
          <string role="key" value="extensiontype_"></string>
          <none></none>
          <string role="key" value="string"></string>
          <list></list>
          <string role="key" value="uniqueElementName"></string>
          <string value="source"></string>
          <string role="key" value="valueOf_"></string>
          <string value="LOM-ESv1.0"></string>
         </dictionary>
        </instance>
        <string role="key" value="uniqueElementName"></string>
        <string value="aggregationLevel"></string>
        <string role="key" value="value"></string>
        <instance class="exe.engine.lom.lomsubs.aggregationLevelValueSub">
         <dictionary>
          <string role="key" value="extensiontype_"></string>
          <none></none>
          <string role="key" value="source"></string>
          <none></none>
          <string role="key" value="uniqueElementName"></string>
          <string value="value"></string>
          <string role="key" value="value"></string>
          <none></none>
          <string role="key" value="valueOf_"></string>
          <string value="2"></string>
         </dictionary>
        </instance>
       </dictionary>
      </instance>
      <string role="key" value="coverage"></string>
      <list></list>
      <string role="key" value="description"></string>
      <list></list>
      <string role="key" value="identifier"></string>
      <list>
       <instance class="exe.engine.lom.lomsubs.identifierSub">
        <dictionary>
         <string role="key" value="catalog"></string>
         <instance class="exe.engine.lom.lomsubs.catalogSub">
          <dictionary>
           <string role="key" value="uniqueElementName"></string>
           <string value="catalog"></string>
           <string role="key" value="valueOf_"></string>
           <unicode value="Mi catálogo"></unicode>
          </dictionary>
         </instance>
         <string role="key" value="entry"></string>
         <instance class="exe.engine.lom.lomsubs.entrySub">
          <dictionary>
           <string role="key" value="uniqueElementName"></string>
           <string value="entry"></string>
           <string role="key" value="valueOf_"></string>
           <unicode value="73ff489d-02ef-4ce9-85e9-ff6c1369654e"></unicode>
          </dictionary>
         </instance>
        </dictionary>
       </instance>
      </list>
      <string role="key" value="keyword"></string>
      <list></list>
      <string role="key" value="language"></string>
      <list>
       <instance class="exe.engine.lom.lomsubs.LanguageIdSub">
        <dictionary>
         <string role="key" value="extensiontype_"></string>
         <none></none>
         <string role="key" value="valueOf_"></string>
         <string value="es"></string>
        </dictionary>
       </instance>
      </list>
      <string role="key" value="structure"></string>
      <none></none>
      <string role="key" value="title"></string>
      <instance class="exe.engine.lom.lomsubs.titleSub">
       <dictionary>
        <string role="key" value="extensiontype_"></string>
        <none></none>
        <string role="key" value="string"></string>
        <list>
         <instance class="exe.engine.lom.lomsubs.LangStringSub">
          <dictionary>
           <string role="key" value="language"></string>
           <string value="es"></string>
           <string role="key" value="valueOf_"></string>
           <string value="TP UML - Objetos 2 UNQ"></string>
          </dictionary>
         </instance>
        </list>
        <string role="key" value="uniqueElementName"></string>
        <none></none>
       </dictionary>
      </instance>
      <string role="key" value="uniqueElementName"></string>
      <string value="general"></string>
     </dictionary>
    </instance>
    <string role="key" value="lifeCycle"></string>
    <instance class="exe.engine.lom.lomsubs.lifeCycleSub">
     <dictionary>
      <string role="key" value="contribute"></string>
      <list>
       <instance class="exe.engine.lom.lomsubs.contributeSub">
        <dictionary>
         <string role="key" value="date"></string>
         <instance class="exe.engine.lom.lomsubs.dateSub" reference="14">
          <dictionary>
           <string role="key" value="dateTime"></string>
           <instance class="exe.engine.lom.lomsubs.DateTimeValueSub">
            <dictionary>
             <string role="key" value="uniqueElementName"></string>
             <string value="dateTime"></string>
             <string role="key" value="valueOf_"></string>
             <string value="2016-08-26T10:56:03.00-03:00"></string>
            </dictionary>
           </instance>
           <string role="key" value="description"></string>
           <instance class="exe.engine.lom.lomsubs.LanguageStringSub">
            <dictionary>
             <string role="key" value="extensiontype_"></string>
             <none></none>
             <string role="key" value="string"></string>
             <list>
              <instance class="exe.engine.lom.lomsubs.LangStringSub">
               <dictionary>
                <string role="key" value="language"></string>
                <string value="es"></string>
                <string role="key" value="valueOf_"></string>
                <string value="Fecha de creaci\xc3\xb3n de los metadatos"></string>
               </dictionary>
              </instance>
             </list>
            </dictionary>
           </instance>
           <string role="key" value="extensiontype_"></string>
           <none></none>
           <string role="key" value="uniqueElementName"></string>
           <none></none>
           <string role="key" value="valueOf_"></string>
           <none></none>
          </dictionary>
         </instance>
         <string role="key" value="entity"></string>
         <list>
          <instance class="exe.engine.lom.lomsubs.entitySub" reference="15">
           <dictionary>
            <string role="key" value="extensiontype_"></string>
            <none></none>
            <string role="key" value="valueOf_"></string>
            <string value="BEGIN:VCARD VERSION:3.0 FN:Diego Cano EMAIL;TYPE=INTERNET: ORG: END:VCARD"></string>
           </dictionary>
          </instance>
         </list>
         <string role="key" value="role"></string>
         <instance class="exe.engine.lom.lomsubs.roleSub">
          <dictionary>
           <string role="key" value="extensiontype_"></string>
           <none></none>
           <string role="key" value="source"></string>
           <instance class="exe.engine.lom.lomsubs.sourceValueSub" reference="16">
            <dictionary>
             <string role="key" value="extensiontype_"></string>
             <none></none>
             <string role="key" value="string"></string>
             <list></list>
             <string role="key" value="uniqueElementName"></string>
             <string value="source"></string>
             <string role="key" value="valueOf_"></string>
             <string value="LOM-ESv1.0"></string>
            </dictionary>
           </instance>
           <string role="key" value="uniqueElementName"></string>
           <string value="role"></string>
           <string role="key" value="value"></string>
           <instance class="exe.engine.lom.lomsubs.roleValueSub">
            <dictionary>
             <string role="key" value="extensiontype_"></string>
             <none></none>
             <string role="key" value="source"></string>
             <none></none>
             <string role="key" value="uniqueElementName"></string>
             <string value="value"></string>
             <string role="key" value="value"></string>
             <none></none>
             <string role="key" value="valueOf_"></string>
             <string value="author"></string>
            </dictionary>
           </instance>
          </dictionary>
         </instance>
        </dictionary>
       </instance>
      </list>
      <string role="key" value="status"></string>
      <none></none>
      <string role="key" value="uniqueElementName"></string>
      <none></none>
      <string role="key" value="version"></string>
      <none></none>
     </dictionary>
    </instance>
    <string role="key" value="metaMetadata"></string>
    <instance class="exe.engine.lom.lomsubs.metaMetadataSub">
     <dictionary>
      <string role="key" value="contribute"></string>
      <list>
       <instance class="exe.engine.lom.lomsubs.contributeMetaSub">
        <dictionary>
         <string role="key" value="date"></string>
         <reference key="14"></reference>
         <string role="key" value="entity"></string>
         <list>
          <reference key="15"></reference>
         </list>
         <string role="key" value="role"></string>
         <instance class="exe.engine.lom.lomsubs.roleSub">
          <dictionary>
           <string role="key" value="extensiontype_"></string>
           <none></none>
           <string role="key" value="source"></string>
           <reference key="16"></reference>
           <string role="key" value="uniqueElementName"></string>
           <string value="role"></string>
           <string role="key" value="value"></string>
           <instance class="exe.engine.lom.lomsubs.roleValueSub">
            <dictionary>
             <string role="key" value="extensiontype_"></string>
             <none></none>
             <string role="key" value="source"></string>
             <none></none>
             <string role="key" value="uniqueElementName"></string>
             <string value="value"></string>
             <string role="key" value="value"></string>
             <none></none>
             <string role="key" value="valueOf_"></string>
             <string value="creator"></string>
            </dictionary>
           </instance>
          </dictionary>
         </instance>
        </dictionary>
       </instance>
      </list>
      <string role="key" value="identifier"></string>
      <list></list>
      <string role="key" value="language"></string>
      <instance class="exe.engine.lom.lomsubs.LanguageIdSub">
       <dictionary>
        <string role="key" value="extensiontype_"></string>
        <none></none>
        <string role="key" value="valueOf_"></string>
        <string value="es"></string>
       </dictionary>
      </instance>
      <string role="key" value="metadataSchema"></string>
      <list>
       <instance class="exe.engine.lom.lomsubs.metadataSchemaSub">
        <dictionary>
         <string role="key" value="valueOf_"></string>
         <string value="LOM-ESv1.0"></string>
        </dictionary>
       </instance>
      </list>
      <string role="key" value="uniqueElementName"></string>
      <string value="metaMetadata"></string>
     </dictionary>
    </instance>
    <string role="key" value="relation"></string>
    <list></list>
    <string role="key" value="rights"></string>
    <instance class="exe.engine.lom.lomsubs.rightsSub">
     <dictionary>
      <string role="key" value="access"></string>
      <instance class="exe.engine.lom.lomsubs.accessSub">
       <dictionary>
        <string role="key" value="accessType"></string>
        <instance class="exe.engine.lom.lomsubs.accessTypeSub">
         <dictionary>
          <string role="key" value="extensiontype_"></string>
          <none></none>
          <string role="key" value="source"></string>
          <instance class="exe.engine.lom.lomsubs.sourceValueSub">
           <dictionary>
            <string role="key" value="extensiontype_"></string>
            <none></none>
            <string role="key" value="string"></string>
            <list></list>
            <string role="key" value="uniqueElementName"></string>
            <string value="source"></string>
            <string role="key" value="valueOf_"></string>
            <string value="LOM-ESv1.0"></string>
           </dictionary>
          </instance>
          <string role="key" value="uniqueElementName"></string>
          <string value="accessType"></string>
          <string role="key" value="value"></string>
          <instance class="exe.engine.lom.lomsubs.accessTypeValueSub">
           <dictionary>
            <string role="key" value="extensiontype_"></string>
            <none></none>
            <string role="key" value="source"></string>
            <none></none>
            <string role="key" value="uniqueElementName"></string>
            <string value="value"></string>
            <string role="key" value="value"></string>
            <none></none>
            <string role="key" value="valueOf_"></string>
            <string value="universal"></string>
           </dictionary>
          </instance>
         </dictionary>
        </instance>
        <string role="key" value="description"></string>
        <instance class="exe.engine.lom.lomsubs.LanguageStringSub">
         <dictionary>
          <string role="key" value="extensiontype_"></string>
          <none></none>
          <string role="key" value="string"></string>
          <list>
           <instance class="exe.engine.lom.lomsubs.LangStringSub">
            <dictionary>
             <string role="key" value="language"></string>
             <string value="es"></string>
             <string role="key" value="valueOf_"></string>
             <unicode value="Preestablecido"></unicode>
            </dictionary>
           </instance>
          </list>
         </dictionary>
        </instance>
        <string role="key" value="uniqueElementName"></string>
        <string value="access"></string>
       </dictionary>
      </instance>
      <string role="key" value="copyrightAndOtherRestrictions"></string>
      <instance class="exe.engine.lom.lomsubs.copyrightAndOtherRestrictionsSub">
       <dictionary>
        <string role="key" value="extensiontype_"></string>
        <none></none>
        <string role="key" value="source"></string>
        <instance class="exe.engine.lom.lomsubs.sourceValueSub">
         <dictionary>
          <string role="key" value="extensiontype_"></string>
          <none></none>
          <string role="key" value="string"></string>
          <list></list>
          <string role="key" value="uniqueElementName"></string>
          <string value="source"></string>
          <string role="key" value="valueOf_"></string>
          <string value="LOM-ESv1.0"></string>
         </dictionary>
        </instance>
        <string role="key" value="uniqueElementName"></string>
        <string value="copyrightAndOtherRestrictions"></string>
        <string role="key" value="value"></string>
        <instance class="exe.engine.lom.lomsubs.copyrightAndOtherRestrictionsValueSub">
         <dictionary>
          <string role="key" value="extensiontype_"></string>
          <none></none>
          <string role="key" value="source"></string>
          <none></none>
          <string role="key" value="uniqueElementName"></string>
          <string value="value"></string>
          <string role="key" value="value"></string>
          <none></none>
          <string role="key" value="valueOf_"></string>
          <string value="creative commons: attribution - share alike"></string>
         </dictionary>
        </instance>
       </dictionary>
      </instance>
      <string role="key" value="cost"></string>
      <none></none>
      <string role="key" value="description"></string>
      <none></none>
      <string role="key" value="uniqueElementName"></string>
      <string value="rights"></string>
     </dictionary>
    </instance>
    <string role="key" value="technical"></string>
    <none></none>
   </dictionary>
  </instance>
  <string role="key" value="mxmlforcemediaonly"></string>
  <bool value="0"></bool>
  <string role="key" value="mxmlheight"></string>
  <string value=""></string>
  <string role="key" value="mxmlprofilelist"></string>
  <string value=""></string>
  <string role="key" value="mxmlwidth"></string>
  <string value=""></string>
  <string role="key" value="resources"></string>
  <dictionary></dictionary>
  <string role="key" value="root"></string>
  <reference key="3"></reference>
  <string role="key" value="scolinks"></string>
  <bool value="0"></bool>
  <string role="key" value="scowsinglepage"></string>
  <bool value="0"></bool>
  <string role="key" value="scowwebsite"></string>
  <bool value="0"></bool>
  <string role="key" value="style"></string>
  <unicode value="MAX"></unicode>
  <string role="key" value="sugaractivityname"></string>
  <string value=""></string>
  <string role="key" value="sugarservicename"></string>
  <string value=""></string>
  <string role="key" value="tempFile"></string>
  <bool value="0"></bool>
 </dictionary>
</instance>